Date,Forecast,Lower Bound,Upper Bound,Day,Month,Year,DD,GDD,Growth Stage
2021-12-02,13.136933430744769,11.781221277931577,14.49264558355796,2,12,2021,13.14,13.14,Before 2-3 Leaf
2021-12-03,7.592278987563574,6.226809123837121,8.957748851290027,3,12,2021,7.59,20.73,Before 2-3 Leaf
2021-12-04,8.156485058737365,6.787115956941616,9.525854160533116,4,12,2021,8.16,28.89,Before 2-3 Leaf
2021-12-05,12.161175309411798,10.791308004478903,13.531042614344692,5,12,2021,12.16,41.05,Before 2-3 Leaf
2021-12-06,8.633251458102716,7.263121302874698,10.003381613330736,6,12,2021,8.63,49.68,Before 2-3 Leaf
2021-12-07,6.214493815465907,4.844180212018972,7.584807418912843,7,12,2021,6.21,55.89,Before 2-3 Leaf
2021-12-08,8.711053447539053,7.340572115300295,10.08153477977781,8,12,2021,8.71,64.6,Before 2-3 Leaf
2021-12-09,12.692695589648013,11.32205162407709,14.063339555218931,9,12,2021,12.69,77.29,Before 2-3 Leaf
2021-12-10,14.264923395745464,12.894118112071624,15.635728679419302,10,12,2021,14.26,91.55,Before 2-3 Leaf
2021-12-11,13.911895777491091,12.540929584976258,15.282861970005923,11,12,2021,13.91,105.46000000000001,Before 2-3 Leaf
2021-12-12,11.555837873120744,10.184710897306038,12.92696484893545,12,12,2021,11.56,117.02,Before 2-3 Leaf
2021-12-13,16.056941365815398,14.685653656562051,17.428229075068742,13,12,2021,16.06,133.07999999999998,Before 2-3 Leaf
2021-12-14,14.819374596793809,13.447926181617843,16.190823011969773,14,12,2021,14.82,147.9,Before 2-3 Leaf
2021-12-15,14.38607363849528,13.014464538713204,15.757682738277357,15,12,2021,14.39,162.29,Before 2-3 Leaf
2021-12-16,13.51895487683359,12.147185111969844,14.890724641697334,16,12,2021,13.52,175.81,Before 2-3 Leaf
2021-12-17,14.896096228316246,13.524165817386308,16.268026639246184,17,12,2021,14.9,190.71,Before 2-3 Leaf
2021-12-18,16.115009313200684,14.742918275069917,17.487100351331453,18,12,2021,16.12,206.82999999999998,Before 2-3 Leaf
2021-12-19,13.80916393288629,12.43691228637284,15.18141557939974,19,12,2021,13.81,220.64,Before 2-3 Leaf
2021-12-20,12.688367174380035,11.315954938283893,14.060779410476178,20,12,2021,12.69,233.32999999999998,Before 2-3 Leaf
2021-12-21,14.981605129379044,13.609032322490323,16.354177936267764,21,12,2021,14.98,248.31,Before 2-3 Leaf
2021-12-22,9.50256435415955,8.12983099526084,10.87529771305826,22,12,2021,9.5,257.81,Before 2-3 Leaf
2021-12-23,8.990154669914594,7.617260777781629,10.363048562047558,23,12,2021,8.99,266.8,Before 2-3 Leaf
2021-12-24,8.87956401803248,7.506509611434337,10.252618424630624,24,12,2021,8.88,275.68,Before 2-3 Leaf
2021-12-25,7.723349711106454,6.350134808805601,9.096564613407308,25,12,2021,7.72,283.4,Before 2-3 Leaf
2021-12-26,14.416514252631002,13.043138873383327,15.789889631878676,26,12,2021,14.42,297.82,Before 2-3 Leaf
2021-12-27,7.779456064317619,6.405920226872434,9.152991901762803,27,12,2021,7.78,305.6,Before 2-3 Leaf
2021-12-28,10.27520895465284,8.901512677752885,11.648905231552794,28,12,2021,10.28,315.88,Before 2-3 Leaf
2021-12-29,9.01925478007089,7.64539808245234,10.39311147768944,29,12,2021,9.02,324.9,Before 2-3 Leaf
2021-12-30,5.809703821286014,4.435686721678481,7.183720920893547,30,12,2021,5.81,330.71,Before 2-3 Leaf
2021-12-31,6.514828637789977,5.1406511549165135,7.88900612066344,31,12,2021,6.51,337.21999999999997,Before 2-3 Leaf
2022-01-01,8.502433323870296,7.1280954764474,9.876771171293193,1,1,2022,8.5,8.5,Before 2-3 Leaf
2022-01-02,6.828963658046167,5.454465464783786,8.203461851308548,2,1,2022,6.83,15.33,Before 2-3 Leaf
2022-01-03,4.792610420601882,3.4179519002034158,6.167268941000349,3,1,2022,4.79,20.12,Before 2-3 Leaf
2022-01-04,4.631481312776682,3.2566624839389866,6.006300141614377,4,1,2022,4.63,24.75,Before 2-3 Leaf
2022-01-05,5.2965165472893965,3.9215374287027895,6.671495665876003,5,1,2022,5.3,30.05,Before 2-3 Leaf
2022-01-06,4.298484376099214,2.9233449864474768,5.673623765750952,6,1,2022,4.3,34.35,Before 2-3 Leaf
2022-01-07,4.000444566871199,2.62514492483158,5.375744208910818,7,1,2022,4.0,38.35,Before 2-3 Leaf
2022-01-08,4.7247033227837925,3.349243447027013,6.100163198540572,8,1,2022,4.72,43.07,Before 2-3 Leaf
2022-01-09,3.4411437099850275,2.0655236191752846,4.816763800794771,9,1,2022,3.44,46.51,Before 2-3 Leaf
2022-01-10,5.272265426755062,3.896485139550032,6.648045713960093,10,1,2022,5.27,51.78,Before 2-3 Leaf
2022-01-11,12.54702388321054,11.17108341826138,13.922964348159695,11,1,2022,12.55,64.33,Before 2-3 Leaf
2022-01-12,16.22058363356609,14.84448300951745,17.59668425761473,12,1,2022,16.22,80.55,Before 2-3 Leaf
2022-01-13,15.227324418713652,13.851063654203667,16.60358518322364,13,1,2022,15.23,95.78,Before 2-3 Leaf
2022-01-14,13.094038449785325,11.717617563445629,14.470459336125025,14,1,2022,13.09,108.87,Before 2-3 Leaf
2022-01-15,11.54646277516198,10.1698817856177,12.92304376470626,15,1,2022,11.55,120.42,Before 2-3 Leaf
2022-01-16,13.20006526948103,11.8233241953508,14.57680634361126,16,1,2022,13.2,133.62,Before 2-3 Leaf
2022-01-17,10.329063231269632,8.95216209116559,11.705964371373677,17,1,2022,10.33,143.95,Before 2-3 Leaf
2022-01-18,12.943975380796749,11.56691419332454,14.321036568268951,18,1,2022,12.94,156.89,Before 2-3 Leaf
2022-01-19,15.17551190248268,13.798290686241472,16.552733118723886,19,1,2022,15.18,172.07,Before 2-3 Leaf
2022-01-20,9.767527429175374,8.390146202757842,11.144908655592904,20,1,2022,9.77,181.84,Before 2-3 Leaf
2022-01-21,8.24255768621791,6.865016468210256,9.620098904225566,21,1,2022,8.24,190.07999999999998,Before 2-3 Leaf
2022-01-22,5.661012045557332,4.283310854539279,7.038713236575385,22,1,2022,5.66,195.74,Before 2-3 Leaf
2022-01-23,5.095967621740988,3.718106476285788,6.473828767196187,23,1,2022,5.1,200.84,Before 2-3 Leaf
2022-01-24,5.210516166371374,3.832495085045814,6.588537247696934,24,1,2022,5.21,206.04999999999998,Before 2-3 Leaf
2022-01-25,5.495860858907619,4.117679860272021,6.874041857543218,25,1,2022,5.5,211.54999999999998,Before 2-3 Leaf
2022-01-26,13.69347311378786,12.315132216396083,15.071814011179637,26,1,2022,13.69,225.24,Before 2-3 Leaf
2022-01-27,14.7777096507694,13.399208873168853,16.15621042836995,27,1,2022,14.78,240.01999999999998,Before 2-3 Leaf
2022-01-28,16.07800362568796,14.699342986419593,17.456664264956327,28,1,2022,16.08,256.1,Before 2-3 Leaf
2022-01-29,14.300917347204802,12.922096864803116,15.679737829606488,29,1,2022,14.3,270.4,Before 2-3 Leaf
2022-01-30,10.549140000437362,9.170159693430415,11.928120307444306,30,1,2022,10.55,280.95,Before 2-3 Leaf
2022-01-31,11.919588699266114,10.540448586175527,13.298728812356702,31,1,2022,11.92,292.87,Before 2-3 Leaf
2022-02-01,11.92664473630446,10.54734483564541,13.305944636963511,1,2,2022,11.93,304.8,Before 2-3 Leaf
2022-02-02,14.646228835606198,13.266769165887428,16.02568850532497,2,2,2022,14.65,319.45,Before 2-3 Leaf
2022-02-03,12.681756450927113,11.302137030650936,14.061375871203287,3,2,2022,12.68,332.13,Before 2-3 Leaf
2022-02-04,13.554351559087246,12.174572406749554,14.934130711424938,4,2,2022,13.55,345.68,Before 2-3 Leaf
2022-02-05,10.386520564803952,9.006581698894207,11.766459430713695,5,2,2022,10.39,356.07,Before 2-3 Leaf
2022-02-06,9.923285894608595,8.543187333609843,11.303384455607349,6,2,2022,9.92,365.99,Before 2-3 Leaf
2022-02-07,7.154425130761483,5.7741668931503565,8.53468336837261,7,2,2022,7.15,373.14,Before 2-3 Leaf
2022-02-08,6.02355463517732,4.643136739424035,7.403972530930604,8,2,2022,6.02,379.15999999999997,Before 2-3 Leaf
2022-02-09,4.934464807628107,3.5538872721964765,6.315042343059737,9,2,2022,4.93,384.09,Before 2-3 Leaf
2022-02-10,4.084327697684531,2.70359054103196,5.465064854337101,10,2,2022,4.08,388.17,Before 2-3 Leaf
2022-02-11,5.029424157601,3.6485273981784943,6.410320917023505,11,2,2022,5.03,393.2,Before 2-3 Leaf
2022-02-12,7.702951441117106,6.321895097369275,9.084007784864935,12,2,2022,7.7,400.9,Before 2-3 Leaf
2022-02-13,11.116595135118931,9.73537922548399,12.497811044753872,13,2,2022,11.12,412.02,Before 2-3 Leaf
2022-02-14,14.389189315299642,13.007813858209415,15.770564772389868,14,2,2022,14.39,426.40999999999997,Before 2-3 Leaf
2022-02-15,14.036199848039042,12.654664861918972,15.417734834159113,15,2,2022,14.04,440.45,Before 2-3 Leaf
2022-02-16,14.088171661830884,12.70647716510003,15.46986615856174,16,2,2022,14.09,454.54,Before 2-3 Leaf
2022-02-17,13.0496070129352,11.667753024006238,14.43146100186416,17,2,2022,13.05,467.59,Before 2-3 Leaf
2022-02-18,10.190465189315322,8.80845172659456,11.572478652036084,18,2,2022,10.19,477.78,Before 2-3 Leaf
2022-02-19,13.576461415746682,12.194288497634052,14.958634333859312,19,2,2022,13.58,491.36,Before 2-3 Leaf
2022-02-20,14.176857639276925,12.794525284165992,15.559189994387854,20,2,2022,14.18,505.54,2-3 Leaf
2022-02-21,13.818832613573042,12.436340839851011,15.20132438729507,21,2,2022,13.82,519.36,2-3 Leaf
2022-02-22,13.034214983719744,11.651563809767456,14.416866157672027,22,2,2022,13.03,532.39,2-3 Leaf
2022-02-23,14.734359181684782,13.351548625876728,16.117169737492837,23,2,2022,14.73,547.12,2-3 Leaf
2022-02-24,13.544983756841468,12.162013837545777,14.92795367613716,24,2,2022,13.54,560.66,2-3 Leaf
2022-02-25,11.26635051592711,9.883221251505564,12.649479780348656,25,2,2022,11.27,571.93,2-3 Leaf
2022-02-26,12.562362095430496,11.179073504238536,13.945650686622455,26,2,2022,12.56,584.49,2-3 Leaf
2022-02-27,13.790876483681934,12.407428584068658,15.174324383295213,27,2,2022,13.79,598.28,2-3 Leaf
2022-02-28,9.1408143029714,7.757207113279565,10.524421492663237,28,2,2022,9.14,607.42,2-3 Leaf
2022-03-01,10.813870664174235,9.430104202740266,12.197637125608203,1,3,2022,10.81,618.23,2-3 Leaf
2022-03-02,10.690584601122817,9.306658886276804,12.074510315968825,2,3,2022,10.69,628.92,2-3 Leaf
2022-03-03,9.780285722087998,8.396200772153714,11.16437067202228,3,3,2022,9.78,638.7,2-3 Leaf
2022-03-04,7.315319360221638,5.931075193516523,8.699563526926754,4,3,2022,7.32,646.02,2-3 Leaf
2022-03-05,10.094939606443766,8.710536241278941,11.479342971608592,5,3,2022,10.09,656.11,Before 1-2 Nodes
2022-03-06,10.89650753942664,9.511944994106912,12.281070084746368,6,3,2022,10.9,667.01,Before 1-2 Nodes
2022-03-07,8.146701645840597,6.761979938664462,9.531423353016732,7,3,2022,8.15,675.16,Before 1-2 Nodes
2022-03-08,9.399103223167824,8.014222372427465,10.783984073908185,8,3,2022,9.4,684.56,Before 1-2 Nodes
2022-03-09,13.178428490086525,11.79338851406782,14.56346846610523,9,3,2022,13.18,697.74,Before 1-2 Nodes
2022-03-10,14.849312911756677,13.464113828739205,16.234511994774145,10,3,2022,14.85,712.59,1-2 Nodes
2022-03-11,11.668466316474186,10.283108144731226,13.053824488217144,11,3,2022,11.67,724.26,1-2 Nodes
2022-03-12,10.784176671075862,9.3986594288744,12.169693913277325,12,3,2022,10.78,735.04,1-2 Nodes
2022-03-13,8.563410350287086,7.177734055887814,9.949086644686355,13,3,2022,8.56,743.6,1-2 Nodes
2022-03-14,13.535070811396691,12.14923548305402,14.920906139739367,14,3,2022,13.54,757.14,1-2 Nodes
2022-03-15,17.49086035997646,16.104866015938505,18.876854704014413,15,3,2022,17.49,774.63,1-2 Nodes
2022-03-16,17.828321167740548,16.442167826249158,19.214474509231938,16,3,2022,17.83,792.46,1-2 Nodes
2022-03-17,14.718883230927515,13.332570910218257,16.10519555163678,17,3,2022,14.72,807.18,1-2 Nodes
2022-03-18,16.30252977826236,14.916058496564522,17.6890010599602,18,3,2022,16.3,823.48,1-2 Nodes
2022-03-19,16.038729400961074,14.652099176497682,17.425359625424466,19,3,2022,16.04,839.52,1-2 Nodes
2022-03-20,17.060112705308203,15.673323556296015,18.44690185432039,20,3,2022,17.06,856.58,Before Boot Stage
2022-03-21,16.242311536374817,14.855363481024328,17.629259591725305,21,3,2022,16.24,872.8199999999999,Before Boot Stage
2022-03-22,14.528835829673133,13.141728886188584,15.915942773157685,22,3,2022,14.53,887.35,Before Boot Stage
2022-03-23,14.895827946502322,13.508562133081693,16.283093759922952,23,3,2022,14.9,902.25,Boot Stage
2022-03-24,13.811151206353587,12.423726541188609,15.198575871518566,24,3,2022,13.81,916.06,Boot Stage
2022-03-25,14.222572831856294,12.83498933313245,15.610156330580136,25,3,2022,14.22,930.28,Boot Stage
2022-03-26,9.78883906533735,8.40109675123388,11.17658137944082,26,3,2022,9.79,940.0699999999999,Boot Stage
2022-03-27,12.009523769632148,10.62162265832205,13.397424880942246,27,3,2022,12.01,952.08,Boot Stage
2022-03-28,15.77976864984829,14.391708759498323,17.167828540198254,28,3,2022,15.78,967.86,Boot Stage
2022-03-29,15.52781719410634,14.139598542877035,16.916035845335642,29,3,2022,15.53,983.39,Boot Stage
2022-03-30,12.741974682342144,11.3535972883878,14.13035207629649,30,3,2022,12.74,996.13,Boot Stage
2022-03-31,11.87177020796128,10.483234089429963,13.260306326492596,31,3,2022,11.87,1008.0,Boot Stage
2022-04-01,16.295178331358393,14.906483506391956,17.68387315632483,1,4,2022,16.3,1024.3,Boot Stage
2022-04-02,13.332808992237345,11.943955478971416,14.72166250550327,2,4,2022,13.33,1037.6299999999999,Boot Stage
2022-04-03,12.42196022871134,11.032948045275337,13.810972412147343,3,4,2022,12.42,1050.05,Before 50% Headed
2022-04-04,13.16585183754324,11.776681002060355,14.555022673026125,4,4,2022,13.17,1063.22,Before 50% Headed
2022-04-05,11.553989816958582,10.164660347545816,12.943319286371349,5,4,2022,11.55,1074.77,Before 50% Headed
2022-04-06,9.395642430677777,8.006154345445912,10.78513051590964,6,4,2022,9.4,1084.17,Before 50% Headed
2022-04-07,12.174545975992244,10.784899293045871,13.56419265893862,7,4,2022,12.17,1096.34,Before 50% Headed
2022-04-08,12.209938973052058,10.82013371048956,13.599744235614557,8,4,2022,12.21,1108.55,Before 50% Headed
2022-04-09,11.4888461681528,10.098882344066372,12.878809992239228,9,4,2022,11.49,1120.04,Before 50% Headed
2022-04-10,8.381033286265122,6.990910918740768,9.771155653789476,10,4,2022,8.38,1128.42,Before 50% Headed
2022-04-11,9.613706404986496,8.22342551210403,11.00398729786896,11,4,2022,9.61,1138.03,Before 50% Headed
2022-04-12,12.946969248287974,11.556529848121029,14.33740864845492,12,4,2022,12.95,1150.98,Before 50% Headed
2022-04-13,12.837521867841785,11.44692397845781,14.22811975722576,13,4,2022,12.84,1163.82,Before 50% Headed
2022-04-14,12.263121752034207,10.872365391494478,13.65387811257394,14,4,2022,12.26,1176.08,Before 50% Headed
2022-04-15,14.025775527274964,12.63486071363458,15.41669034091535,15,4,2022,14.03,1190.11,Before 50% Headed
2022-04-16,14.491480030038352,13.100406781346242,15.88255327873046,16,4,2022,14.49,1204.6,Before 50% Headed
2022-04-17,15.277270865340215,13.886039199639148,16.668502531041284,17,4,2022,15.28,1219.8799999999999,Before 50% Headed
2022-04-18,13.633862185126963,12.242472120453538,15.025252249800388,18,4,2022,13.63,1233.51,Before 50% Headed
2022-04-19,14.294352913857232,12.902804468241891,15.685901359472572,19,4,2022,14.29,1247.8,Before 50% Headed
2022-04-20,15.438278578274105,14.046571769741137,16.829985386807074,20,4,2022,15.44,1263.24,Before 50% Headed
2022-04-21,15.624640462600784,14.23277530916832,17.016505616033246,21,4,2022,15.62,1278.86,Before 50% Headed
2022-04-22,15.76192397091969,14.36990049059972,17.15394745123966,22,4,2022,15.76,1294.62,Before 50% Headed
2022-04-23,17.063487171011396,15.671305381809756,18.455668960213032,23,4,2022,17.06,1311.68,50% Headed
2022-04-24,18.313347395284254,16.921007315200647,19.70568747536786,24,4,2022,18.31,1329.99,50% Headed
2022-04-25,16.639028399337985,15.24653004636597,18.03152675231,25,4,2022,16.64,1346.6299999999999,50% Headed
2022-04-26,15.778879814833909,14.38622320696091,17.171536422706904,26,4,2022,15.78,1362.41,50% Headed
2022-04-27,16.43168399594872,15.038869151156034,17.824498840741406,27,4,2022,16.43,1378.84,50% Headed
2022-04-28,13.967060520607856,12.574087456870648,15.360033584345066,28,4,2022,13.97,1392.81,50% Headed
2022-04-29,12.714389447800835,11.321258183088146,14.107520712513525,29,4,2022,12.71,1405.52,50% Headed
2022-04-30,12.167736725360667,10.77444727763542,13.561026173085915,30,4,2022,12.17,1417.69,50% Headed
2022-05-01,13.46644906152416,12.073001448743158,14.859896674305164,1,5,2022,13.47,1431.16,50% Headed
2022-05-02,13.969642222494464,12.576036462608394,15.363247982380534,2,5,2022,13.97,1445.1299999999999,50% Headed
2022-05-03,16.038521636005086,14.64475774695853,17.43228552505164,3,5,2022,16.04,1461.17,50% Headed
2022-05-04,14.145957805003343,12.752035804734774,15.539879805271912,4,5,2022,14.15,1475.32,50% Headed
2022-05-05,12.603119318011805,11.20903922445359,13.99719941157002,5,5,2022,12.6,1487.92,50% Headed
2022-05-06,11.765514880076816,10.371276711155224,13.159753048998407,6,5,2022,11.77,1499.69,50% Headed
2022-05-07,12.797432962276972,11.403036735912176,14.191829188641767,7,5,2022,12.8,1512.49,50% Headed
2022-05-08,17.564180563750014,16.169626297856095,18.958734829643934,8,5,2022,17.56,1530.05,50% Headed
2022-05-09,17.223164956911493,15.828452669396436,18.61787724442655,9,5,2022,17.22,1547.27,50% Headed
2022-05-10,16.453275034029545,15.058404742795254,17.848145325263836,10,5,2022,16.45,1563.72,Before Pollen Shed
2022-05-11,15.98771050195318,14.592682224895476,17.382738779010882,11,5,2022,15.99,1579.71,Before Pollen Shed
2022-05-12,16.866144317065174,15.4709580720738,18.26133056205655,12,5,2022,16.87,1596.58,Before Pollen Shed
2022-05-13,17.592069852768464,16.196725657727082,18.98741404780985,13,5,2022,17.59,1614.17,Pollen Shed
2022-05-14,14.897075021075896,13.501572893862097,16.292577148289695,14,5,2022,14.9,1629.07,Pollen Shed
2022-05-15,16.783748903728654,15.388088862213964,18.179408945243345,15,5,2022,16.78,1645.85,Pollen Shed
2022-05-16,18.421133102080603,17.02531516413048,19.816951040030727,16,5,2022,18.42,1664.27,Pollen Shed
2022-05-17,16.914900053012992,15.518924236486829,18.31087586953916,17,5,2022,16.91,1681.18,Pollen Shed
2022-05-18,16.39315962818307,14.997025950934203,17.789293305431936,18,5,2022,16.39,1697.57,Pollen Shed
2022-05-19,16.710797455768677,15.314505935644393,18.107088975892964,19,5,2022,16.71,1714.28,Pollen Shed
2022-05-20,16.031952134529913,14.635502789371436,17.42840147968839,20,5,2022,16.03,1730.31,Pollen Shed
2022-05-21,16.768223254773837,15.371616102416349,18.164830407131323,21,5,2022,16.77,1747.08,Pollen Shed
2022-05-22,15.394881105668588,13.998116163941226,16.79164604739595,22,5,2022,15.39,1762.47,Before Swathing
2022-05-23,15.006438125275132,13.60951541200099,16.403360838549276,23,5,2022,15.01,1777.48,Before Swathing
2022-05-24,15.736444050755258,14.33936358375139,17.133524517759124,24,5,2022,15.74,1793.22,Before Swathing
2022-05-25,15.981773371244124,14.584535168321556,17.379011574166693,25,5,2022,15.98,1809.2,Before Swathing
2022-05-26,17.49480454634713,16.097408625310845,18.89220046738341,26,5,2022,17.49,1826.69,Before Swathing
2022-05-27,16.462663218603453,15.065109597252416,17.86021683995449,27,5,2022,16.46,1843.15,Before Swathing
2022-05-28,17.9393073492109,16.54159604533805,19.33701865308375,28,5,2022,17.94,1861.09,Before Swathing
2022-05-29,19.234660754570204,17.836791785962454,20.632529723177957,29,5,2022,19.23,1880.32,Before Swathing
2022-05-30,20.353310219963543,18.955283604401792,21.751336835525294,30,5,2022,20.35,1900.67,Before Swathing
2022-05-31,20.41980347427946,19.021619229538587,21.81798771902033,31,5,2022,20.42,1921.09,Before Swathing
2022-06-01,23.44419315790468,22.04585130175356,24.842535014055795,1,6,2022,23.44,1944.53,Before Swathing
2022-06-02,22.10544402770145,20.70694457790296,23.50394347749995,2,6,2022,22.11,1966.64,Before Swathing
2022-06-03,19.29843635746045,17.899779331771427,20.697093383149465,3,6,2022,19.3,1985.94,Before Swathing
2022-06-04,20.089641249242952,18.690826665414274,21.48845583307163,4,6,2022,20.09,2006.03,Before Swathing
2022-06-05,20.918210728615588,19.51923860439211,22.317182852839064,5,6,2022,20.92,2026.95,Before Swathing
2022-06-06,20.81773638409271,19.418606737213302,22.21686603097212,6,6,2022,20.82,2047.77,Before Swathing
2022-06-07,20.19821063944817,18.798923487645705,21.597497791250635,7,6,2022,20.2,2067.97,Before Swathing
2022-06-08,20.18637564176988,18.78693100277125,21.58582028076851,8,6,2022,20.19,2088.16,Before Swathing
2022-06-09,20.67609359578446,19.27649148731057,22.07569570425835,9,6,2022,20.68,2108.84,Before Swathing
2022-06-10,20.87822226815927,19.478462707925047,22.277981828393493,10,6,2022,20.88,2129.72,Before Swathing
2022-06-11,22.989631151119934,21.58971415683433,24.38954814540554,11,6,2022,22.99,2152.71,Before Swathing
2022-06-12,21.21301728878093,19.812942878146902,22.61309169941495,12,6,2022,21.21,2173.92,Before Swathing
2022-06-13,22.22355504060904,20.82332323132361,23.623786849894472,13,6,2022,22.22,2196.14,Before Swathing
2022-06-14,23.381900650950143,21.981511460704336,24.78228984119595,14,6,2022,23.38,2219.52,Before Swathing
2022-06-15,20.285749477046792,18.88520292352568,21.686296030567902,15,6,2022,20.29,2239.81,Before Swathing
2022-06-16,22.075573331970457,20.67486943285316,23.47627723108776,16,6,2022,22.08,2261.89,Before Swathing
2022-06-17,21.00185950445226,19.60099827741192,22.4027207314926,17,6,2022,21.0,2282.89,Before Swathing
2022-06-18,20.01195770880032,18.610939171504143,21.41297624609649,18,6,2022,20.01,2302.9,Before Swathing
2022-06-19,20.792409753403888,19.391233923513127,22.19358558329465,19,6,2022,20.79,2323.69,Before Swathing
2022-06-20,22.83299616233114,21.43166305750109,24.234329267161183,20,6,2022,22.83,2346.52,Before Swathing
2022-06-21,22.343600387098324,20.942110024978355,23.74509074921829,21,6,2022,22.34,2368.86,Before Swathing
2022-06-22,20.450778527556647,19.049130925790173,21.85242612932312,22,6,2022,20.45,2389.31,Before Swathing
2022-06-23,21.747789218705705,20.345984394930205,23.149594042481205,23,6,2022,21.75,2411.06,Before Swathing
2022-06-24,25.19177798024057,23.789815952087583,26.593740008393542,24,6,2022,25.19,2436.25,Before Swathing
2022-06-25,20.885234647385875,19.48311543248104,22.287353862290715,25,6,2022,20.89,2457.14,Before Swathing
2022-06-26,20.853167313153296,19.450890929116284,22.25544369719031,26,6,2022,20.85,2477.99,Before Swathing
2022-06-27,25.356153935812863,23.95372040025745,26.75858747136828,27,6,2022,25.36,2503.35,Before Swathing
2022-06-28,25.46252382993772,24.05993316047174,26.86511449940369,28,6,2022,25.46,2528.81,Before Swathing
2022-06-29,24.563711983519458,23.16096419774485,25.966459769294065,29,6,2022,24.56,2553.37,Before Swathing
2022-06-30,24.565780889706318,23.16287600521909,25.96868577419354,30,6,2022,24.57,2577.94,Before Swathing
2022-07-01,24.66878691490715,23.26572494929741,26.07184888051689,1,7,2022,24.67,2602.61,Before Swathing
2022-07-02,23.669540366992216,22.26632133784416,25.072759396140277,2,7,2022,23.67,2626.28,Before Swathing
2022-07-03,24.233103631066093,22.82972755595801,25.63647970617418,3,7,2022,24.23,2650.51,Before Swathing
2022-07-04,23.784125372239863,22.380592268744145,25.18765847573558,4,7,2022,23.78,2674.29,Before Swathing
2022-07-05,21.85896977058905,20.455279656272197,23.262659884905904,5,7,2022,21.86,2696.15,Before Swathing
2022-07-06,23.052751146158425,21.64890403858103,24.45659825373582,6,7,2022,23.05,2719.2,Before Swathing
2022-07-07,25.158588477533307,23.75458439425008,26.562592560816533,7,7,2022,25.16,2744.36,Before Swathing
2022-07-08,22.674277208237434,21.2701161667972,24.078438249677667,8,7,2022,22.67,2767.03,Swathing
2022-07-09,22.64460872516536,21.240290743111057,24.048926707219668,9,7,2022,22.64,2789.67,Swathing
2022-07-10,24.309601839202127,22.90512693407081,25.714076744333443,10,7,2022,24.31,2813.98,Swathing
2022-07-11,24.45019108262027,23.04555927194312,25.854822893297424,11,7,2022,24.45,2838.43,Swathing
2022-07-12,25.411339270251062,24.00655057155338,26.816127968948745,12,7,2022,25.41,2863.84,Swathing
2022-07-13,26.261648389772454,24.85670282057368,27.66659395897123,13,7,2022,26.26,2890.1,Swathing
2022-07-14,27.293056921157586,25.88795449897128,28.69815934334389,14,7,2022,27.29,2917.39,After the Harvest
2022-07-15,28.9485361132582,27.543276855592065,30.35379537092433,15,7,2022,28.95,2946.34,After the Harvest
2022-07-16,28.34187728352418,26.936461207880058,29.747293359168303,16,7,2022,28.34,2974.68,After the Harvest
2022-07-17,30.644166096682977,29.238593220556847,32.0497389728091,17,7,2022,30.64,3005.32,After the Harvest
2022-07-18,29.748708815599045,28.34297915648104,31.15443847471705,18,7,2022,29.75,3035.07,After the Harvest
2022-07-19,29.37527138089588,27.96938495627027,30.78115780552149,19,7,2022,29.38,3064.45,After the Harvest
2022-07-20,30.189142859050463,28.78309968639568,31.595186031705246,20,7,2022,30.19,3094.64,After the Harvest
2022-07-21,32.37199047900752,30.96579057579615,33.778190382218895,21,7,2022,32.37,3127.01,After the Harvest
2022-07-22,32.85491073790901,31.448554121607785,34.26126735421023,22,7,2022,32.85,3159.86,After the Harvest
2022-07-23,33.170720095756465,31.76420678382629,34.577233407686634,23,7,2022,33.17,3193.03,After the Harvest
2022-07-24,30.3187543241658,28.91208433406175,31.72542431426985,24,7,2022,30.32,3223.35,After the Harvest
2022-07-25,29.89093472689258,28.484108076063887,31.29776137772128,25,7,2022,29.89,3253.24,After the Harvest
2022-07-26,28.21144303020696,26.804459736097023,29.61842632431689,26,7,2022,28.21,3281.45,After the Harvest
2022-07-27,26.040458680022315,24.63331876006873,27.4475985999759,27,7,2022,26.04,3307.49,After the Harvest
2022-07-28,24.503553941520806,23.096257413155325,25.910850469886288,28,7,2022,24.5,3331.99,After the Harvest
2022-07-29,21.881572462026995,20.47411934267556,23.28902558137843,29,7,2022,21.88,3353.87,After the Harvest
2022-07-30,24.597457701225217,23.18984800830795,26.005067394142483,30,7,2022,24.6,3378.47,After the Harvest
2022-07-31,25.67323891082404,24.265472661755258,27.081005159892825,31,7,2022,25.67,3404.14,After the Harvest
2022-08-01,24.232655813425115,22.82473302561332,25.64057860123691,1,8,2022,24.23,3428.37,After the Harvest
2022-08-02,22.080907104446872,20.67282779529476,23.488986413598983,2,8,2022,22.08,3450.45,After the Harvest
2022-08-03,24.31505456338415,22.90681875028862,25.723290376479685,3,8,2022,24.32,3474.77,After the Harvest
2022-08-04,25.70097573932074,24.29258343967288,27.1093680389686,4,8,2022,25.7,3500.47,After the Harvest
2022-08-05,25.977530744295045,24.56898197548016,27.386079513109934,5,8,2022,25.98,3526.45,After the Harvest
2022-08-06,25.464804864704885,24.056099644102478,26.87351008530729,6,8,2022,25.46,3551.91,After the Harvest
2022-08-07,24.371643353585256,22.962781698569035,25.78050500860148,7,8,2022,24.37,3576.28,After the Harvest
2022-08-08,24.378262450206325,22.96924437814423,25.78728052226842,8,8,2022,24.38,3600.66,After the Harvest
2022-08-09,23.99999078197741,22.590816310231578,25.40916525372324,9,8,2022,24.0,3624.66,After the Harvest
2022-08-10,23.862251561359017,22.452920707285816,25.271582415432217,10,8,2022,23.86,3648.52,After the Harvest
2022-08-11,25.10994079265324,23.700453573603266,26.51942801170322,11,8,2022,25.11,3673.63,After the Harvest
2022-08-12,24.12596854759729,22.716324980915346,25.53561211427924,12,8,2022,24.13,3697.76,After the Harvest
2022-08-13,23.90100731868523,22.491207421710364,25.3108072156601,13,8,2022,23.9,3721.66,After the Harvest
2022-08-14,22.841727593618955,21.43177138368444,24.25168380355347,14,8,2022,22.84,3744.5,After the Harvest
2022-08-15,25.01538761850803,23.60527511294138,26.42550012407468,15,8,2022,25.02,3769.52,After the Harvest
2022-08-16,23.65091439054186,22.24064560666483,25.06118317441889,16,8,2022,23.65,3793.17,After the Harvest
2022-08-17,24.207805080706105,22.797380035834685,25.61823012557753,17,8,2022,24.21,3817.38,After the Harvest
2022-08-18,23.073968628118664,21.66338733956309,24.48454991667424,18,8,2022,23.07,3840.45,After the Harvest
2022-08-19,24.92018415493727,23.509446640002032,26.33092166987251,19,8,2022,24.92,3865.37,After the Harvest
2022-08-20,24.50153153321846,23.0906378092023,25.912425257234624,20,8,2022,24.5,3889.87,After the Harvest
2022-08-21,26.32298612452549,24.911936208721396,27.734036040329585,21,8,2022,26.32,3916.19,After the Harvest
2022-08-22,24.44412178329036,23.032915692985576,25.855327873595137,22,8,2022,24.44,3940.63,After the Harvest
2022-08-23,26.155879936928397,24.744517689404443,27.567242184452343,23,8,2022,26.16,3966.79,After the Harvest
2022-08-24,24.86248679822566,23.45096841075832,26.274005185693,24,8,2022,24.86,3991.65,After the Harvest
2022-08-25,25.44418546511279,24.0325109549721,26.85585997525348,25,8,2022,25.44,4017.09,After the Harvest
2022-08-26,25.583915586623704,24.172084971073986,26.995746202173425,26,8,2022,25.58,4042.67,After the Harvest
2022-08-27,25.504174429830325,24.09218772613016,26.91616113353049,27,8,2022,25.5,4068.17,After the Harvest
2022-08-28,23.974262851471188,22.56212007687345,25.386405626068928,28,8,2022,23.97,4092.14,After the Harvest
2022-08-29,24.41934794809182,23.00704911984365,25.831646776339987,29,8,2022,24.42,4116.56,After the Harvest
2022-08-30,24.21113934658644,22.79868448192927,25.623594211243613,30,8,2022,24.21,4140.77,After the Harvest
2022-08-31,23.67588315746672,22.263272273636264,25.08849404129717,31,8,2022,23.68,4164.45,After the Harvest
2022-09-01,24.066701370387584,22.653934484613853,25.479468256161315,1,9,2022,24.07,4188.52,After the Harvest
2022-09-02,23.88166270752647,22.46873983703376,25.29458557801918,2,9,2022,23.88,4212.4,After the Harvest
2022-09-03,24.056735489015637,22.64365665102254,25.469814327008727,3,9,2022,24.06,4236.46,After the Harvest
2022-09-04,24.46063444423106,23.04739965595048,25.873869232511645,4,9,2022,24.46,4260.92,After the Harvest
2022-09-05,25.747984340160716,24.33459361879984,27.161375061521586,5,9,2022,25.75,4286.67,After the Harvest
2022-09-06,26.621598235024862,25.2080515977852,28.035144872264524,6,9,2022,26.62,4313.29,After the Harvest
2022-09-07,28.739511681593548,27.325809145670902,30.15321421751619,7,9,2022,28.74,4342.03,After the Harvest
2022-09-08,27.52403592940336,26.11017751198786,28.93789434681886,8,9,2022,27.52,4369.55,After the Harvest
2022-09-09,26.85035326545852,25.4363389837346,28.264367547182434,9,9,2022,26.85,4396.4,After the Harvest
2022-09-10,26.84538658872242,25.431216459868835,28.259556717576004,10,9,2022,26.85,4423.25,After the Harvest
2022-09-11,23.81578800610719,22.401462047297017,25.230113964917365,11,9,2022,23.82,4447.07,After the Harvest
2022-09-12,21.018755007104154,19.604273235504795,22.433236778703517,12,9,2022,21.02,4468.09,After the Harvest
2022-09-13,24.64407183044662,23.2294342632198,26.05870939767344,13,9,2022,24.64,4492.73,After the Harvest
2022-09-14,25.649354683242628,24.23456133754441,27.06414802894085,14,9,2022,25.65,4518.38,After the Harvest
2022-09-15,24.909697828993156,23.494748721973924,26.324646936012385,15,9,2022,24.91,4543.29,After the Harvest
2022-09-16,24.522039530057864,23.106934678862352,25.937144381253376,16,9,2022,24.52,4567.81,After the Harvest
2022-09-17,25.739904293699443,24.32464371546672,27.155164871932165,17,9,2022,25.74,4593.55,After the Harvest
2022-09-18,22.025295020743744,20.60987873260722,23.440711308880267,18,9,2022,22.03,4615.58,After the Harvest
2022-09-19,22.320552919263548,20.904980938350985,23.73612490017611,19,9,2022,22.32,4637.9,After the Harvest
2022-09-20,24.12448197649348,22.70875431992698,25.54020963305998,20,9,2022,24.12,4662.02,After the Harvest
2022-09-21,23.15188011943132,21.735996804327343,24.56776343453529,21,9,2022,23.15,4685.17,After the Harvest
2022-09-22,24.64446445384023,23.228425497309598,26.060503410370863,22,9,2022,24.64,4709.81,After the Harvest
2022-09-23,25.77146631889458,24.35527173804245,27.187660899746703,23,9,2022,25.77,4735.58,After the Harvest
2022-09-24,27.76223596310481,26.345885775030737,29.17858615117889,24,9,2022,27.76,4763.34,After the Harvest
2022-09-25,24.32116186525172,22.904656087049588,25.737667643453847,25,9,2022,24.32,4787.66,After the Harvest
2022-09-26,23.977797481123325,22.561136129881408,25.39445883236524,26,9,2022,23.98,4811.64,After the Harvest
2022-09-27,19.03418607532444,17.61736916812537,20.451002982523505,27,9,2022,19.03,4830.67,After the Harvest
2022-09-28,18.202623583103133,16.785651137023933,19.619596029182333,28,9,2022,18.2,4848.87,After the Harvest
2022-09-29,18.574811225423908,17.15768325753596,19.99193919331185,29,9,2022,18.57,4867.44,After the Harvest
2022-09-30,23.006461610637366,21.58917813800644,24.42374508326829,30,9,2022,23.01,4890.45,After the Harvest
2022-10-01,19.234307141997267,17.816868181683517,20.651746102311016,1,10,2022,19.23,4909.68,After the Harvest
2022-10-02,18.384119951400475,16.96652552045844,19.80171438234251,2,10,2022,18.38,4928.06,After the Harvest
2022-10-03,18.803540068545797,17.385790184024398,20.22128995306719,3,10,2022,18.8,4946.86,After the Harvest
2022-10-04,17.2908428475518,15.872937526494368,18.708748168609237,4,10,2022,17.29,4964.15,After the Harvest
2022-10-05,18.084856688924063,16.66679594836831,19.50291742947981,5,10,2022,18.08,4982.23,After the Harvest
2022-10-06,20.299452619578343,18.88123647655639,21.717668762600304,6,10,2022,20.3,5002.53,After the Harvest
2022-10-07,22.444808841202487,21.02643731274084,23.863180369664136,7,10,2022,22.44,5024.97,After the Harvest
2022-10-08,22.65318988958974,21.234662992709325,24.071716786470155,8,10,2022,22.65,5047.62,After the Harvest
2022-10-09,23.24906057278096,21.830378324497108,24.667742821064817,9,10,2022,23.25,5070.87,After the Harvest
2022-10-10,20.181747459120015,18.762909876442464,21.60058504179757,10,10,2022,20.18,5091.05,After the Harvest
2022-10-11,17.838775724586714,16.419782824519615,19.257768624653814,11,10,2022,17.84,5108.89,After the Harvest
2022-10-12,17.806249427258386,16.387101226800315,19.225397627716458,12,10,2022,17.81,5126.7,After the Harvest
2022-10-13,18.528240973357896,17.10893748950184,19.94754445721395,13,10,2022,18.53,5145.23,After the Harvest
2022-10-14,22.490390273144524,21.0709315228779,23.909849023411148,14,10,2022,22.49,5167.72,After the Harvest
2022-10-15,19.562636772839262,18.143022773143908,20.982250772534616,15,10,2022,19.56,5187.28,After the Harvest
2022-10-16,21.673527318048244,20.253758085900436,23.09329655019605,16,10,2022,21.67,5208.95,After the Harvest
2022-10-17,22.28973980165907,20.8698153540295,23.70966424928864,17,10,2022,22.29,5231.24,After the Harvest
2022-10-18,23.002351224614635,21.582271578468447,24.422430870760824,18,10,2022,23.0,5254.24,After the Harvest
2022-10-19,22.699414772728677,21.27917994502544,24.11964960043191,19,10,2022,22.7,5276.94,After the Harvest
2022-10-20,17.790626675576725,16.37023668327046,19.21101666788299,20,10,2022,17.79,5294.73,After the Harvest
2022-10-21,15.248303833505574,13.82775869354474,16.668848973466407,21,10,2022,15.25,5309.98,After the Harvest
2022-10-22,16.813173169913057,15.392472899240566,18.233873440585548,22,10,2022,16.81,5326.79,After the Harvest
2022-10-23,19.933042566511663,18.512187182064874,21.35389795095846,23,10,2022,19.93,5346.72,After the Harvest
2022-10-24,20.89648757718532,19.47547709589604,22.3174980584746,24,10,2022,20.9,5367.62,After the Harvest
2022-10-25,18.249142746405,16.827977185199497,19.67030830761049,25,10,2022,18.25,5385.87,After the Harvest
2022-10-26,22.06065520272263,20.63933457852164,23.48197582692362,26,10,2022,22.06,5407.93,After the Harvest
2022-10-27,21.85783370910405,20.43635803882276,23.27930937938534,27,10,2022,21.86,5429.79,After the Harvest
2022-10-28,20.77789239990807,19.35626170045613,22.199523099360004,28,10,2022,20.78,5450.57,After the Harvest
2022-10-29,16.905376349457626,15.483590637739171,18.32716206117608,29,10,2022,16.91,5467.48,After the Harvest
2022-10-30,15.814054843994157,14.392114136907784,17.23599555108053,30,10,2022,15.81,5483.29,After the Harvest
2022-10-31,16.000316488118756,14.578220802557531,17.42241217367998,31,10,2022,16.0,5499.29,After the Harvest
2022-11-01,14.351570075327611,12.929319428179088,15.773820722476138,1,11,2022,14.35,5513.64,After the Harvest
2022-11-02,13.89477004914552,12.472364457291723,15.317175640999316,2,11,2022,13.89,5527.53,After the Harvest
2022-11-03,14.1446221520484,12.722061632365843,15.567182671730952,3,11,2022,14.14,5541.67,After the Harvest
2022-11-04,13.489544967092996,12.066829536452683,14.91226039773331,4,11,2022,13.49,5555.16,After the Harvest
2022-11-05,15.697684059340943,14.274813734608363,17.120554384073525,5,11,2022,15.7,5570.86,After the Harvest
2022-11-06,17.835570480698863,16.412545278733994,19.25859568266373,6,11,2022,17.84,5588.7,After the Harvest
2022-11-07,16.266862689043187,14.843682626700511,17.69004275138586,7,11,2022,16.27,5604.97,After the Harvest
2022-11-08,19.97708898039798,18.553754074526477,21.40042388626949,8,11,2022,19.98,5624.95,After the Harvest
2022-11-09,20.05659871183491,18.63310897927805,21.480088444391768,9,11,2022,20.06,5645.01,After the Harvest
2022-11-10,17.274456642642843,15.850812100238612,18.698101185047072,10,11,2022,17.27,5662.28,After the Harvest
2022-11-11,18.67813320929481,17.254333873875698,20.10193254471392,11,11,2022,18.68,5680.96,After the Harvest
2022-11-12,19.206580188893984,17.78262607728699,20.630534300500976,12,11,2022,19.21,5700.17,After the Harvest
2022-11-13,18.019099805560167,16.59499093458681,19.443208676533523,13,11,2022,18.02,5718.19,After the Harvest
2022-11-14,19.26171542630241,17.837451812778717,20.68597903982609,14,11,2022,19.26,5737.45,After the Harvest
2022-11-15,18.113352152438324,16.688933813174852,19.5377704917018,15,11,2022,18.11,5755.56,After the Harvest
2022-11-16,17.09862360477941,15.674050556581228,18.52319665297759,16,11,2022,17.1,5772.66,After the Harvest
2022-11-17,15.844750019910888,14.420022279577594,17.26947776024418,17,11,2022,15.84,5788.5,After the Harvest
2022-11-18,18.514327644677028,17.089445229002752,19.939210060351304,18,11,2022,18.51,5807.01,After the Harvest
2022-11-19,17.550383246427817,16.125346172201215,18.97542032065442,19,11,2022,17.55,5824.56,After the Harvest
2022-11-20,17.67172891587759,16.246537199881857,19.096920631873324,20,11,2022,17.67,5842.23,After the Harvest
2022-11-21,11.850162683152956,10.424816342165824,13.27550902414009,21,11,2022,11.85,5854.08,After the Harvest
2022-11-22,10.01533528346438,8.589834334258116,11.440836232670646,22,11,2022,10.02,5864.1,After the Harvest
2022-11-23,7.18392968598479,5.758274145326209,8.609585226643372,23,11,2022,7.18,5871.28,After the Harvest
2022-11-24,7.847572365099875,6.421762249750338,9.273382480449412,24,11,2022,7.85,5879.13,After the Harvest
2022-11-25,9.609791048169535,8.183826374884951,11.03575572145412,25,11,2022,9.61,5888.74,After the Harvest
2022-11-26,12.36056844933313,10.934449234863958,13.7866876638023,26,11,2022,12.36,5901.1,After the Harvest
2022-11-27,8.693235641765888,7.266961902857149,10.119509380674629,27,11,2022,8.69,5909.79,After the Harvest
2022-11-28,11.000131394550682,9.573703147941949,12.426559641159416,28,11,2022,11.0,5920.79,After the Harvest
2022-11-29,13.917252380249364,12.490669642674773,15.343835117823955,29,11,2022,13.92,5934.71,After the Harvest
2022-11-30,16.113175919627945,14.686438707816196,17.539913131439697,30,11,2022,16.11,5950.82,After the Harvest
2022-12-01,14.413155948672516,12.986264279346877,15.840047617998158,1,12,2022,14.41,5965.23,After the Harvest
