Date,Average Temperature,Day,Month,Year
2017-01-01,9.45,1,1,2017
2017-01-02,7.05,2,1,2017
2017-01-03,5.9,3,1,2017
2017-01-04,6.75,4,1,2017
2017-01-05,13.3,5,1,2017
2017-01-06,15.85,6,1,2017
2017-01-07,15.1,7,1,2017
2017-01-08,14.35,8,1,2017
2017-01-09,13.65,9,1,2017
2017-01-10,16.400000000000002,10,1,2017
2017-01-11,15.15,11,1,2017
2017-01-12,7.399999999999999,12,1,2017
2017-01-13,6.4,13,1,2017
2017-01-14,10.6,14,1,2017
2017-01-15,13.9,15,1,2017
2017-01-16,14.65,16,1,2017
2017-01-17,13.45,17,1,2017
2017-01-18,13.5,18,1,2017
2017-01-19,12.7,19,1,2017
2017-01-20,11.8,20,1,2017
2017-01-21,10.05,21,1,2017
2017-01-22,10.5,22,1,2017
2017-01-23,14.1,23,1,2017
2017-01-24,14.9,24,1,2017
2017-01-25,14.7,25,1,2017
2017-01-26,12.8,26,1,2017
2017-01-27,11.45,27,1,2017
2017-01-28,8.65,28,1,2017
2017-01-29,12.55,29,1,2017
2017-01-30,15.2,30,1,2017
2017-01-31,13.85,31,1,2017
2017-02-01,14.7,1,2,2017
2017-02-02,14.95,2,2,2017
2017-02-03,10.3,3,2,2017
2017-02-04,8.7,4,2,2017
2017-02-05,8.6,5,2,2017
2017-02-06,14.75,6,2,2017
2017-02-07,9.65,7,2,2017
2017-02-08,10.7,8,2,2017
2017-02-09,11.7,9,2,2017
2017-02-10,6.6,10,2,2017
2017-02-11,6.3,11,2,2017
2017-02-12,6.55,12,2,2017
2017-02-13,11.35,13,2,2017
2017-02-14,15.05,14,2,2017
2017-02-15,15.1,15,2,2017
2017-02-16,13.4,16,2,2017
2017-02-17,14.3,17,2,2017
2017-02-18,14.7,18,2,2017
2017-02-19,18.5,19,2,2017
2017-02-20,19.45,20,2,2017
2017-02-21,18.2,21,2,2017
2017-02-22,18.55,22,2,2017
2017-02-23,12.7,23,2,2017
2017-02-24,11.8,24,2,2017
2017-02-25,15.05,25,2,2017
2017-02-26,13.65,26,2,2017
2017-02-27,6.6000000000000005,27,2,2017
2017-02-28,10.25,28,2,2017
2017-03-01,9.2,1,3,2017
2017-03-02,11.85,2,3,2017
2017-03-03,11.6,3,3,2017
2017-03-04,11.55,4,3,2017
2017-03-05,11.35,5,3,2017
2017-03-06,11.45,6,3,2017
2017-03-07,14.05,7,3,2017
2017-03-08,15.95,8,3,2017
2017-03-09,15.35,9,3,2017
2017-03-10,15.05,10,3,2017
2017-03-11,17.05,11,3,2017
2017-03-12,14.15,12,3,2017
2017-03-13,19.15,13,3,2017
2017-03-14,19.35,14,3,2017
2017-03-15,14.95,15,3,2017
2017-03-16,13.5,16,3,2017
2017-03-17,14.15,17,3,2017
2017-03-18,20.45,18,3,2017
2017-03-19,18.85,19,3,2017
2017-03-20,12.8,20,3,2017
2017-03-21,7.0,21,3,2017
2017-03-22,8.049999999999999,22,3,2017
2017-03-23,13.5,23,3,2017
2017-03-24,12.9,24,3,2017
2017-03-25,16.65,25,3,2017
2017-03-26,16.45,26,3,2017
2017-03-27,15.5,27,3,2017
2017-03-28,16.299999999999997,28,3,2017
2017-03-29,16.0,29,3,2017
2017-03-30,16.299999999999997,30,3,2017
2017-03-31,16.5,31,3,2017
2017-04-01,15.8,1,4,2017
2017-04-02,14.0,2,4,2017
2017-04-03,16.0,3,4,2017
2017-04-04,15.45,4,4,2017
2017-04-05,13.9,5,4,2017
2017-04-06,15.0,6,4,2017
2017-04-07,12.85,7,4,2017
2017-04-08,15.85,8,4,2017
2017-04-09,19.15,9,4,2017
2017-04-10,15.7,10,4,2017
2017-04-11,15.2,11,4,2017
2017-04-12,16.95,12,4,2017
2017-04-13,15.25,13,4,2017
2017-04-14,18.65,14,4,2017
2017-04-15,15.2,15,4,2017
2017-04-16,17.0,16,4,2017
2017-04-17,16.05,17,4,2017
2017-04-18,15.0,18,4,2017
2017-04-19,17.55,19,4,2017
2017-04-20,18.35,20,4,2017
2017-04-21,17.25,21,4,2017
2017-04-22,18.1,22,4,2017
2017-04-23,17.2,23,4,2017
2017-04-24,15.85,24,4,2017
2017-04-25,12.1,25,4,2017
2017-04-26,10.85,26,4,2017
2017-04-27,14.35,27,4,2017
2017-04-28,14.8,28,4,2017
2017-04-29,15.75,29,4,2017
2017-04-30,15.75,30,4,2017
2017-05-01,20.9,1,5,2017
2017-05-02,17.7,2,5,2017
2017-05-03,17.45,3,5,2017
2017-05-04,17.3,4,5,2017
2017-05-05,18.0,5,5,2017
2017-05-06,16.8,6,5,2017
2017-05-07,19.7,7,5,2017
2017-05-08,18.9,8,5,2017
2017-05-09,16.75,9,5,2017
2017-05-10,15.65,10,5,2017
2017-05-11,18.75,11,5,2017
2017-05-12,21.2,12,5,2017
2017-05-13,17.85,13,5,2017
2017-05-14,18.0,14,5,2017
2017-05-15,18.85,15,5,2017
2017-05-16,20.1,16,5,2017
2017-05-17,18.55,17,5,2017
2017-05-18,15.9,18,5,2017
2017-05-19,16.05,19,5,2017
2017-05-20,17.25,20,5,2017
2017-05-21,19.0,21,5,2017
2017-05-22,21.450000000000003,22,5,2017
2017-05-23,24.3,23,5,2017
2017-05-24,20.65,24,5,2017
2017-05-25,23.1,25,5,2017
2017-05-26,23.0,26,5,2017
2017-05-27,23.25,27,5,2017
2017-05-28,20.35,28,5,2017
2017-05-29,19.75,29,5,2017
2017-05-30,22.3,30,5,2017
2017-05-31,21.35,31,5,2017
2017-06-01,19.65,1,6,2017
2017-06-02,19.95,2,6,2017
2017-06-03,19.9,3,6,2017
2017-06-04,18.9,4,6,2017
2017-06-05,17.5,5,6,2017
2017-06-06,19.15,6,6,2017
2017-06-07,18.2,7,6,2017
2017-06-08,20.5,8,6,2017
2017-06-09,18.4,9,6,2017
2017-06-10,21.45,10,6,2017
2017-06-11,21.1,11,6,2017
2017-06-12,21.55,12,6,2017
2017-06-13,20.6,13,6,2017
2017-06-14,20.9,14,6,2017
2017-06-15,22.4,15,6,2017
2017-06-16,23.0,16,6,2017
2017-06-17,22.1,17,6,2017
2017-06-18,23.3,18,6,2017
2017-06-19,27.3,19,6,2017
2017-06-20,27.45,20,6,2017
2017-06-21,26.200000000000003,21,6,2017
2017-06-22,26.65,22,6,2017
2017-06-23,23.3,23,6,2017
2017-06-24,27.45,24,6,2017
2017-06-25,24.05,25,6,2017
2017-06-26,20.95,26,6,2017
2017-06-27,23.4,27,6,2017
2017-06-28,22.15,28,6,2017
2017-06-29,22.2,29,6,2017
2017-06-30,22.2,30,6,2017
2017-07-01,24.2,1,7,2017
2017-07-02,20.700000000000003,2,7,2017
2017-07-03,24.1,3,7,2017
2017-07-04,24.35,4,7,2017
2017-07-05,23.85,5,7,2017
2017-07-06,26.95,6,7,2017
2017-07-07,26.25,7,7,2017
2017-07-08,24.8,8,7,2017
2017-07-09,26.6,9,7,2017
2017-07-10,24.55,10,7,2017
2017-07-11,23.85,11,7,2017
2017-07-12,25.0,12,7,2017
2017-07-13,28.05,13,7,2017
2017-07-14,25.05,14,7,2017
2017-07-15,27.0,15,7,2017
2017-07-16,27.3,16,7,2017
2017-07-17,24.0,17,7,2017
2017-07-18,27.25,18,7,2017
2017-07-19,23.9,19,7,2017
2017-07-20,20.95,20,7,2017
2017-07-21,20.65,21,7,2017
2017-07-22,22.15,22,7,2017
2017-07-23,25.15,23,7,2017
2017-07-24,28.9,24,7,2017
2017-07-25,24.0,25,7,2017
2017-07-26,24.950000000000003,26,7,2017
2017-07-27,23.4,27,7,2017
2017-07-28,24.75,28,7,2017
2017-07-29,22.05,29,7,2017
2017-07-30,22.55,30,7,2017
2017-07-31,22.200000000000003,31,7,2017
2017-08-01,22.2,1,8,2017
2017-08-02,23.6,2,8,2017
2017-08-03,25.1,3,8,2017
2017-08-04,23.4,4,8,2017
2017-08-05,23.450000000000003,5,8,2017
2017-08-06,21.15,6,8,2017
2017-08-07,20.0,7,8,2017
2017-08-08,19.65,8,8,2017
2017-08-09,24.8,9,8,2017
2017-08-10,23.200000000000003,10,8,2017
2017-08-11,26.700000000000003,11,8,2017
2017-08-12,24.35,12,8,2017
2017-08-13,21.8,13,8,2017
2017-08-14,22.75,14,8,2017
2017-08-15,23.0,15,8,2017
2017-08-16,23.4,16,8,2017
2017-08-17,23.1,17,8,2017
2017-08-18,21.65,18,8,2017
2017-08-19,22.85,19,8,2017
2017-08-20,24.15,20,8,2017
2017-08-21,23.2,21,8,2017
2017-08-22,23.2,22,8,2017
2017-08-23,24.0,23,8,2017
2017-08-24,22.700000000000003,24,8,2017
2017-08-25,22.65,25,8,2017
2017-08-26,24.7,26,8,2017
2017-08-27,24.5,27,8,2017
2017-08-28,24.1,28,8,2017
2017-08-29,22.15,29,8,2017
2017-08-30,20.1,30,8,2017
2017-08-31,21.7,31,8,2017
2017-09-01,22.950000000000003,1,9,2017
2017-09-02,20.55,2,9,2017
2017-09-03,25.05,3,9,2017
2017-09-04,23.9,4,9,2017
2017-09-05,24.05,5,9,2017
2017-09-06,23.65,6,9,2017
2017-09-07,24.0,7,9,2017
2017-09-08,22.9,8,9,2017
2017-09-09,21.450000000000003,9,9,2017
2017-09-10,21.75,10,9,2017
2017-09-11,20.950000000000003,11,9,2017
2017-09-12,20.15,12,9,2017
2017-09-13,18.55,13,9,2017
2017-09-14,19.95,14,9,2017
2017-09-15,19.75,15,9,2017
2017-09-16,17.25,16,9,2017
2017-09-17,19.2,17,9,2017
2017-09-18,20.05,18,9,2017
2017-09-19,20.65,19,9,2017
2017-09-20,20.35,20,9,2017
2017-09-21,19.25,21,9,2017
2017-09-22,22.450000000000003,22,9,2017
2017-09-23,23.0,23,9,2017
2017-09-24,23.45,24,9,2017
2017-09-25,19.65,25,9,2017
2017-09-26,22.6,26,9,2017
2017-09-27,21.1,27,9,2017
2017-09-28,20.25,28,9,2017
2017-09-29,19.95,29,9,2017
2017-09-30,17.5,30,9,2017
2017-10-01,22.950000000000003,1,10,2017
2017-10-02,18.55,2,10,2017
2017-10-03,18.0,3,10,2017
2017-10-04,19.7,4,10,2017
2017-10-05,20.55,5,10,2017
2017-10-06,17.85,6,10,2017
2017-10-07,20.3,7,10,2017
2017-10-08,18.85,8,10,2017
2017-10-09,19.45,9,10,2017
2017-10-10,20.65,10,10,2017
2017-10-11,20.65,11,10,2017
2017-10-12,19.5,12,10,2017
2017-10-13,22.65,13,10,2017
2017-10-14,21.9,14,10,2017
2017-10-15,21.0,15,10,2017
2017-10-16,21.55,16,10,2017
2017-10-17,18.3,17,10,2017
2017-10-18,17.65,18,10,2017
2017-10-19,18.05,19,10,2017
2017-10-20,16.95,20,10,2017
2017-10-21,16.6,21,10,2017
2017-10-22,17.15,22,10,2017
2017-10-23,19.25,23,10,2017
2017-10-24,20.0,24,10,2017
2017-10-25,19.1,25,10,2017
2017-10-26,18.8,26,10,2017
2017-10-27,19.0,27,10,2017
2017-10-28,19.9,28,10,2017
2017-10-29,19.0,29,10,2017
2017-10-30,16.4,30,10,2017
2017-10-31,18.45,31,10,2017
2017-11-01,17.6,1,11,2017
2017-11-02,16.75,2,11,2017
2017-11-03,14.75,3,11,2017
2017-11-04,12.5,4,11,2017
2017-11-05,12.9,5,11,2017
2017-11-06,16.15,6,11,2017
2017-11-07,14.55,7,11,2017
2017-11-08,14.2,8,11,2017
2017-11-09,17.6,9,11,2017
2017-11-10,17.95,10,11,2017
2017-11-11,19.25,11,11,2017
2017-11-12,11.8,12,11,2017
2017-11-13,12.25,13,11,2017
2017-11-14,19.05,14,11,2017
2017-11-15,16.8,15,11,2017
2017-11-16,14.15,16,11,2017
2017-11-17,10.95,17,11,2017
2017-11-18,18.25,18,11,2017
2017-11-19,16.05,19,11,2017
2017-11-20,19.3,20,11,2017
2017-11-21,18.85,21,11,2017
2017-11-22,15.9,22,11,2017
2017-11-23,11.5,23,11,2017
2017-11-24,7.8,24,11,2017
2017-11-25,6.85,25,11,2017
2017-11-26,12.65,26,11,2017
2017-11-27,13.75,27,11,2017
2017-11-28,9.0,28,11,2017
2017-11-29,7.4,29,11,2017
2017-11-30,9.75,30,11,2017
2017-12-01,7.05,1,12,2017
2017-12-02,11.4,2,12,2017
2017-12-03,13.5,3,12,2017
2017-12-04,11.85,4,12,2017
2017-12-05,13.55,5,12,2017
2017-12-06,17.4,6,12,2017
2017-12-07,14.0,7,12,2017
2017-12-08,7.2,8,12,2017
2017-12-09,8.7,9,12,2017
2017-12-10,9.35,10,12,2017
2017-12-11,6.4,11,12,2017
2017-12-12,10.1,12,12,2017
2017-12-13,10.0,13,12,2017
2017-12-14,8.05,14,12,2017
2017-12-15,9.2,15,12,2017
2017-12-16,10.0,16,12,2017
2017-12-17,15.7,17,12,2017
2017-12-18,11.6,18,12,2017
2017-12-19,15.1,19,12,2017
2017-12-20,16.65,20,12,2017
2017-12-21,16.4,21,12,2017
2017-12-22,16.1,22,12,2017
2017-12-23,14.5,23,12,2017
2017-12-24,16.85,24,12,2017
2017-12-25,12.2,25,12,2017
2017-12-26,7.0,26,12,2017
2017-12-27,7.1,27,12,2017
2017-12-28,7.85,28,12,2017
2017-12-29,14.05,29,12,2017
2017-12-30,17.35,30,12,2017
2017-12-31,14.15,31,12,2017
2018-01-01,11.8,1,1,2018
2018-01-02,15.95,2,1,2018
2018-01-03,12.4,3,1,2018
2018-01-04,15.35,4,1,2018
2018-01-05,9.45,5,1,2018
2018-01-06,8.200000000000001,6,1,2018
2018-01-07,6.3,7,1,2018
2018-01-08,8.95,8,1,2018
2018-01-09,12.1,9,1,2018
2018-01-10,10.95,10,1,2018
2018-01-11,10.0,11,1,2018
2018-01-12,13.55,12,1,2018
2018-01-13,13.5,13,1,2018
2018-01-14,12.85,14,1,2018
2018-01-15,14.0,15,1,2018
2018-01-16,7.0,16,1,2018
2018-01-17,13.0,17,1,2018
2018-01-18,11.15,18,1,2018
2018-01-19,7.25,19,1,2018
2018-01-20,13.8,20,1,2018
2018-01-21,16.8,21,1,2018
2018-01-22,14.05,22,1,2018
2018-01-23,16.9,23,1,2018
2018-01-24,14.2,24,1,2018
2018-01-25,11.15,25,1,2018
2018-01-26,11.25,26,1,2018
2018-01-27,17.9,27,1,2018
2018-01-28,17.1,28,1,2018
2018-01-29,13.1,29,1,2018
2018-01-30,10.85,30,1,2018
2018-01-31,10.5,31,1,2018
2018-02-01,9.7,1,2,2018
2018-02-02,8.799999999999999,2,2,2018
2018-02-03,9.3,3,2,2018
2018-02-04,8.55,4,2,2018
2018-02-05,6.45,5,2,2018
2018-02-06,5.5,6,2,2018
2018-02-07,8.3,7,2,2018
2018-02-08,11.55,8,2,2018
2018-02-09,6.85,9,2,2018
2018-02-10,14.35,10,2,2018
2018-02-11,5.4,11,2,2018
2018-02-12,7.7,12,2,2018
2018-02-13,7.65,13,2,2018
2018-02-14,13.4,14,2,2018
2018-02-15,8.15,15,2,2018
2018-02-16,10.45,16,2,2018
2018-02-17,9.95,17,2,2018
2018-02-18,15.5,18,2,2018
2018-02-19,16.55,19,2,2018
2018-02-20,12.0,20,2,2018
2018-02-21,9.05,21,2,2018
2018-02-22,11.65,22,2,2018
2018-02-23,9.95,23,2,2018
2018-02-24,9.05,24,2,2018
2018-02-25,8.5,25,2,2018
2018-02-26,7.0,26,2,2018
2018-02-27,3.25,27,2,2018
2018-02-28,-3.6,28,2,2018
2018-03-01,-3.7,1,3,2018
2018-03-02,-0.1999999999999999,2,3,2018
2018-03-03,4.6,3,3,2018
2018-03-04,5.5,4,3,2018
2018-03-05,6.55,5,3,2018
2018-03-06,7.9,6,3,2018
2018-03-07,8.049999999999999,7,3,2018
2018-03-08,10.85,8,3,2018
2018-03-09,8.4,9,3,2018
2018-03-10,13.5,10,3,2018
2018-03-11,14.1,11,3,2018
2018-03-12,12.15,12,3,2018
2018-03-13,10.75,13,3,2018
2018-03-14,13.6,14,3,2018
2018-03-15,12.7,15,3,2018
2018-03-16,12.35,16,3,2018
2018-03-17,6.25,17,3,2018
2018-03-18,0.85,18,3,2018
2018-03-19,5.3,19,3,2018
2018-03-20,6.75,20,3,2018
2018-03-21,9.3,21,3,2018
2018-03-22,12.35,22,3,2018
2018-03-23,10.2,23,3,2018
2018-03-24,12.65,24,3,2018
2018-03-25,10.55,25,3,2018
2018-03-26,11.25,26,3,2018
2018-03-27,13.7,27,3,2018
2018-03-28,10.8,28,3,2018
2018-03-29,10.5,29,3,2018
2018-03-30,8.2,30,3,2018
2018-03-31,10.1,31,3,2018
2018-04-01,8.25,1,4,2018
2018-04-02,11.15,2,4,2018
2018-04-03,14.25,3,4,2018
2018-04-04,11.15,4,4,2018
2018-04-05,10.1,5,4,2018
2018-04-06,14.45,6,4,2018
2018-04-07,14.45,7,4,2018
2018-04-08,14.05,8,4,2018
2018-04-09,13.25,9,4,2018
2018-04-10,15.75,10,4,2018
2018-04-11,13.4,11,4,2018
2018-04-12,12.95,12,4,2018
2018-04-13,14.65,13,4,2018
2018-04-14,16.0,14,4,2018
2018-04-15,15.1,15,4,2018
2018-04-16,14.25,16,4,2018
2018-04-17,16.450000000000003,17,4,2018
2018-04-18,16.05,18,4,2018
2018-04-19,15.95,19,4,2018
2018-04-20,15.0,20,4,2018
2018-04-21,15.05,21,4,2018
2018-04-22,17.5,22,4,2018
2018-04-23,19.3,23,4,2018
2018-04-24,15.85,24,4,2018
2018-04-25,15.0,25,4,2018
2018-04-26,13.85,26,4,2018
2018-04-27,13.25,27,4,2018
2018-04-28,13.35,28,4,2018
2018-04-29,12.5,29,4,2018
2018-04-30,13.45,30,4,2018
2018-05-01,13.5,1,5,2018
2018-05-02,14.85,2,5,2018
2018-05-03,15.65,3,5,2018
2018-05-04,16.2,4,5,2018
2018-05-05,15.1,5,5,2018
2018-05-06,14.8,6,5,2018
2018-05-07,15.7,7,5,2018
2018-05-08,18.85,8,5,2018
2018-05-09,15.45,9,5,2018
2018-05-10,15.2,10,5,2018
2018-05-11,15.1,11,5,2018
2018-05-12,14.45,12,5,2018
2018-05-13,14.25,13,5,2018
2018-05-14,19.0,14,5,2018
2018-05-15,20.700000000000003,15,5,2018
2018-05-16,17.05,16,5,2018
2018-05-17,16.85,17,5,2018
2018-05-18,18.4,18,5,2018
2018-05-19,19.15,19,5,2018
2018-05-20,19.0,20,5,2018
2018-05-21,19.05,21,5,2018
2018-05-22,20.450000000000003,22,5,2018
2018-05-23,21.3,23,5,2018
2018-05-24,22.6,24,5,2018
2018-05-25,27.7,25,5,2018
2018-05-26,25.85,26,5,2018
2018-05-27,22.4,27,5,2018
2018-05-28,25.6,28,5,2018
2018-05-29,27.6,29,5,2018
2018-05-30,24.950000000000003,30,5,2018
2018-05-31,22.9,31,5,2018
2018-06-01,23.95,1,6,2018
2018-06-02,23.200000000000003,2,6,2018
2018-06-03,25.1,3,6,2018
2018-06-04,25.9,4,6,2018
2018-06-05,24.75,5,6,2018
2018-06-06,23.950000000000003,6,6,2018
2018-06-07,25.55,7,6,2018
2018-06-08,25.75,8,6,2018
2018-06-09,24.95,9,6,2018
2018-06-10,26.55,10,6,2018
2018-06-11,25.65,11,6,2018
2018-06-12,24.55,12,6,2018
2018-06-13,21.05,13,6,2018
2018-06-14,24.55,14,6,2018
2018-06-15,20.35,15,6,2018
2018-06-16,23.2,16,6,2018
2018-06-17,24.700000000000003,17,6,2018
2018-06-18,23.7,18,6,2018
2018-06-19,23.9,19,6,2018
2018-06-20,22.4,20,6,2018
2018-06-21,21.8,21,6,2018
2018-06-22,19.85,22,6,2018
2018-06-23,22.65,23,6,2018
2018-06-24,23.5,24,6,2018
2018-06-25,25.1,25,6,2018
2018-06-26,30.15,26,6,2018
2018-06-27,30.85,27,6,2018
2018-06-28,30.5,28,6,2018
2018-06-29,30.55,29,6,2018
2018-06-30,28.4,30,6,2018
2018-07-01,31.2,1,7,2018
2018-07-02,33.65,2,7,2018
2018-07-03,30.35,3,7,2018
2018-07-04,29.75,4,7,2018
2018-07-05,27.85,5,7,2018
2018-07-06,29.7,6,7,2018
2018-07-07,28.4,7,7,2018
2018-07-08,31.5,8,7,2018
2018-07-09,30.4,9,7,2018
2018-07-10,28.05,10,7,2018
2018-07-11,27.700000000000003,11,7,2018
2018-07-12,28.8,12,7,2018
2018-07-13,28.0,13,7,2018
2018-07-14,27.0,14,7,2018
2018-07-15,25.8,15,7,2018
2018-07-16,25.8,16,7,2018
2018-07-17,24.85,17,7,2018
2018-07-18,25.65,18,7,2018
2018-07-19,26.05,19,7,2018
2018-07-20,27.200000000000003,20,7,2018
2018-07-21,29.05,21,7,2018
2018-07-22,29.950000000000003,22,7,2018
2018-07-23,28.4,23,7,2018
2018-07-24,27.5,24,7,2018
2018-07-25,26.2,25,7,2018
2018-07-26,28.95,26,7,2018
2018-07-27,23.6,27,7,2018
2018-07-28,23.9,28,7,2018
2018-07-29,24.5,29,7,2018
2018-07-30,23.6,30,7,2018
2018-07-31,23.55,31,7,2018
2018-08-01,23.35,1,8,2018
2018-08-02,24.45,2,8,2018
2018-08-03,29.6,3,8,2018
2018-08-04,28.0,4,8,2018
2018-08-05,26.3,5,8,2018
2018-08-06,24.6,6,8,2018
2018-08-07,24.25,7,8,2018
2018-08-08,23.35,8,8,2018
2018-08-09,21.6,9,8,2018
2018-08-10,24.65,10,8,2018
2018-08-11,23.05,11,8,2018
2018-08-12,24.65,12,8,2018
2018-08-13,27.15,13,8,2018
2018-08-14,28.55,14,8,2018
2018-08-15,25.25,15,8,2018
2018-08-16,23.450000000000003,16,8,2018
2018-08-17,23.4,17,8,2018
2018-08-18,27.05,18,8,2018
2018-08-19,31.0,19,8,2018
2018-08-20,28.4,20,8,2018
2018-08-21,25.5,21,8,2018
2018-08-22,25.05,22,8,2018
2018-08-23,21.55,23,8,2018
2018-08-24,20.25,24,8,2018
2018-08-25,19.9,25,8,2018
2018-08-26,24.8,26,8,2018
2018-08-27,24.45,27,8,2018
2018-08-28,21.85,28,8,2018
2018-08-29,21.8,29,8,2018
2018-08-30,21.3,30,8,2018
2018-08-31,22.55,31,8,2018
2018-09-01,23.6,1,9,2018
2018-09-02,24.4,2,9,2018
2018-09-03,22.1,3,9,2018
2018-09-04,20.1,4,9,2018
2018-09-05,23.1,5,9,2018
2018-09-06,23.4,6,9,2018
2018-09-07,22.95,7,9,2018
2018-09-08,23.15,8,9,2018
2018-09-09,24.75,9,9,2018
2018-09-10,22.0,10,9,2018
2018-09-11,22.65,11,9,2018
2018-09-12,21.450000000000003,12,9,2018
2018-09-13,20.450000000000003,13,9,2018
2018-09-14,23.55,14,9,2018
2018-09-15,22.3,15,9,2018
2018-09-16,23.75,16,9,2018
2018-09-17,23.75,17,9,2018
2018-09-18,23.25,18,9,2018
2018-09-19,21.75,19,9,2018
2018-09-20,15.55,20,9,2018
2018-09-21,18.35,21,9,2018
2018-09-22,15.5,22,9,2018
2018-09-23,17.7,23,9,2018
2018-09-24,15.75,24,9,2018
2018-09-25,19.9,25,9,2018
2018-09-26,21.6,26,9,2018
2018-09-27,23.05,27,9,2018
2018-09-28,18.35,28,9,2018
2018-09-29,16.85,29,9,2018
2018-09-30,17.85,30,9,2018
2018-10-01,18.5,1,10,2018
2018-10-02,24.0,2,10,2018
2018-10-03,21.35,3,10,2018
2018-10-04,22.85,4,10,2018
2018-10-05,17.25,5,10,2018
2018-10-06,16.0,6,10,2018
2018-10-07,17.05,7,10,2018
2018-10-08,21.3,8,10,2018
2018-10-09,22.35,9,10,2018
2018-10-10,22.6,10,10,2018
2018-10-11,20.6,11,10,2018
2018-10-12,20.7,12,10,2018
2018-10-13,18.65,13,10,2018
2018-10-14,15.1,14,10,2018
2018-10-15,17.2,15,10,2018
2018-10-16,21.95,16,10,2018
2018-10-17,16.4,17,10,2018
2018-10-18,16.0,18,10,2018
2018-10-19,20.5,19,10,2018
2018-10-20,20.4,20,10,2018
2018-10-21,17.95,21,10,2018
2018-10-22,15.7,22,10,2018
2018-10-23,18.3,23,10,2018
2018-10-24,17.25,24,10,2018
2018-10-25,17.6,25,10,2018
2018-10-26,12.9,26,10,2018
2018-10-27,9.5,27,10,2018
2018-10-28,11.1,28,10,2018
2018-10-29,11.3,29,10,2018
2018-10-30,14.55,30,10,2018
2018-10-31,13.55,31,10,2018
2018-11-01,11.8,1,11,2018
2018-11-02,13.7,2,11,2018
2018-11-03,18.95,3,11,2018
2018-11-04,16.85,4,11,2018
2018-11-05,15.25,5,11,2018
2018-11-06,17.8,6,11,2018
2018-11-07,13.6,7,11,2018
2018-11-08,15.3,8,11,2018
2018-11-09,17.15,9,11,2018
2018-11-10,15.15,10,11,2018
2018-11-11,15.25,11,11,2018
2018-11-12,15.35,12,11,2018
2018-11-13,16.1,13,11,2018
2018-11-14,18.9,14,11,2018
2018-11-15,18.3,15,11,2018
2018-11-16,18.05,16,11,2018
2018-11-17,17.7,17,11,2018
2018-11-18,16.45,18,11,2018
2018-11-19,14.5,19,11,2018
2018-11-20,10.45,20,11,2018
2018-11-21,10.05,21,11,2018
2018-11-22,13.75,22,11,2018
2018-11-23,14.6,23,11,2018
2018-11-24,13.75,24,11,2018
2018-11-25,10.65,25,11,2018
2018-11-26,13.8,26,11,2018
2018-11-27,16.3,27,11,2018
2018-11-28,18.6,28,11,2018
2018-11-29,14.45,29,11,2018
2018-11-30,12.7,30,11,2018
2018-12-01,17.450000000000003,1,12,2018
2018-12-02,18.25,2,12,2018
2018-12-03,14.35,3,12,2018
2018-12-04,10.75,4,12,2018
2018-12-05,17.7,5,12,2018
2018-12-06,19.0,6,12,2018
2018-12-07,15.1,7,12,2018
2018-12-08,16.099999999999998,8,12,2018
2018-12-09,13.75,9,12,2018
2018-12-10,14.4,10,12,2018
2018-12-11,14.95,11,12,2018
2018-12-12,12.3,12,12,2018
2018-12-13,14.6,13,12,2018
2018-12-14,14.9,14,12,2018
2018-12-15,15.1,15,12,2018
2018-12-16,11.8,16,12,2018
2018-12-17,15.0,17,12,2018
2018-12-18,15.5,18,12,2018
2018-12-19,12.35,19,12,2018
2018-12-20,13.55,20,12,2018
2018-12-21,16.35,21,12,2018
2018-12-22,14.5,22,12,2018
2018-12-23,16.95,23,12,2018
2018-12-24,15.25,24,12,2018
2018-12-25,16.05,25,12,2018
2018-12-26,15.4,26,12,2018
2018-12-27,15.15,27,12,2018
2018-12-28,15.9,28,12,2018
2018-12-29,16.5,29,12,2018
2018-12-30,14.85,30,12,2018
2018-12-31,15.1,31,12,2018
2019-01-01,13.65,1,1,2019
2019-01-02,12.85,2,1,2019
2019-01-03,13.0,3,1,2019
2019-01-04,12.65,4,1,2019
2019-01-05,13.75,5,1,2019
2019-01-06,15.2,6,1,2019
2019-01-07,16.85,7,1,2019
2019-01-08,15.1,8,1,2019
2019-01-09,13.35,9,1,2019
2019-01-10,15.4,10,1,2019
2019-01-11,15.2,11,1,2019
2019-01-12,14.9,12,1,2019
2019-01-13,15.9,13,1,2019
2019-01-14,13.5,14,1,2019
2019-01-15,13.3,15,1,2019
2019-01-16,11.95,16,1,2019
2019-01-17,8.7,17,1,2019
2019-01-18,12.2,18,1,2019
2019-01-19,10.4,19,1,2019
2019-01-20,9.75,20,1,2019
2019-01-21,8.950000000000001,21,1,2019
2019-01-22,6.3,22,1,2019
2019-01-23,10.05,23,1,2019
2019-01-24,15.3,24,1,2019
2019-01-25,15.05,25,1,2019
2019-01-26,13.4,26,1,2019
2019-01-27,9.35,27,1,2019
2019-01-28,9.45,28,1,2019
2019-01-29,6.25,29,1,2019
2019-01-30,5.05,30,1,2019
2019-01-31,9.85,31,1,2019
2019-02-01,6.35,1,2,2019
2019-02-02,7.2,2,2,2019
2019-02-03,10.4,3,2,2019
2019-02-04,13.45,4,2,2019
2019-02-05,13.8,5,2,2019
2019-02-06,11.8,6,2,2019
2019-02-07,11.65,7,2,2019
2019-02-08,13.6,8,2,2019
2019-02-09,11.45,9,2,2019
2019-02-10,9.3,10,2,2019
2019-02-11,12.65,11,2,2019
2019-02-12,15.4,12,2,2019
2019-02-13,14.8,13,2,2019
2019-02-14,14.1,14,2,2019
2019-02-15,14.95,15,2,2019
2019-02-16,14.65,16,2,2019
2019-02-17,14.3,17,2,2019
2019-02-18,13.05,18,2,2019
2019-02-19,12.55,19,2,2019
2019-02-20,15.4,20,2,2019
2019-02-21,16.1,21,2,2019
2019-02-22,16.8,22,2,2019
2019-02-23,17.5,23,2,2019
2019-02-24,14.1,24,2,2019
2019-02-25,15.4,25,2,2019
2019-02-26,15.75,26,2,2019
2019-02-27,13.25,27,2,2019
2019-02-28,16.55,28,2,2019
2019-03-01,13.25,1,3,2019
2019-03-02,13.85,2,3,2019
2019-03-03,11.35,3,3,2019
2019-03-04,8.85,4,3,2019
2019-03-05,13.0,5,3,2019
2019-03-06,12.9,6,3,2019
2019-03-07,12.85,7,3,2019
2019-03-08,15.65,8,3,2019
2019-03-09,13.1,9,3,2019
2019-03-10,11.65,10,3,2019
2019-03-11,12.1,11,3,2019
2019-03-12,13.0,12,3,2019
2019-03-13,12.65,13,3,2019
2019-03-14,17.95,14,3,2019
2019-03-15,16.3,15,3,2019
2019-03-16,11.95,16,3,2019
2019-03-17,11.0,17,3,2019
2019-03-18,13.55,18,3,2019
2019-03-19,17.599999999999998,19,3,2019
2019-03-20,13.95,20,3,2019
2019-03-21,15.95,21,3,2019
2019-03-22,14.2,22,3,2019
2019-03-23,11.6,23,3,2019
2019-03-24,12.85,24,3,2019
2019-03-25,14.4,25,3,2019
2019-03-26,13.15,26,3,2019
2019-03-27,12.9,27,3,2019
2019-03-28,12.2,28,3,2019
2019-03-29,14.2,29,3,2019
2019-03-30,15.5,30,3,2019
2019-03-31,14.0,31,3,2019
2019-04-01,13.5,1,4,2019
2019-04-02,8.55,2,4,2019
2019-04-03,10.65,3,4,2019
2019-04-04,10.4,4,4,2019
2019-04-05,11.2,5,4,2019
2019-04-06,14.5,6,4,2019
2019-04-07,13.3,7,4,2019
2019-04-08,16.25,8,4,2019
2019-04-09,15.25,9,4,2019
2019-04-10,14.55,10,4,2019
2019-04-11,14.2,11,4,2019
2019-04-12,14.6,12,4,2019
2019-04-13,13.05,13,4,2019
2019-04-14,10.45,14,4,2019
2019-04-15,12.75,15,4,2019
2019-04-16,14.3,16,4,2019
2019-04-17,16.65,17,4,2019
2019-04-18,19.3,18,4,2019
2019-04-19,20.35,19,4,2019
2019-04-20,19.3,20,4,2019
2019-04-21,15.7,21,4,2019
2019-04-22,17.7,22,4,2019
2019-04-23,20.05,23,4,2019
2019-04-24,17.6,24,4,2019
2019-04-25,16.799999999999997,25,4,2019
2019-04-26,13.55,26,4,2019
2019-04-27,14.3,27,4,2019
2019-04-28,17.85,28,4,2019
2019-04-29,16.85,29,4,2019
2019-04-30,18.75,30,4,2019
2019-05-01,16.05,1,5,2019
2019-05-02,15.8,2,5,2019
2019-05-03,17.55,3,5,2019
2019-05-04,13.0,4,5,2019
2019-05-05,13.7,5,5,2019
2019-05-06,14.7,6,5,2019
2019-05-07,15.9,7,5,2019
2019-05-08,13.95,8,5,2019
2019-05-09,17.45,9,5,2019
2019-05-10,13.9,10,5,2019
2019-05-11,17.45,11,5,2019
2019-05-12,17.25,12,5,2019
2019-05-13,18.7,13,5,2019
2019-05-14,18.45,14,5,2019
2019-05-15,19.15,15,5,2019
2019-05-16,18.65,16,5,2019
2019-05-17,19.3,17,5,2019
2019-05-18,21.0,18,5,2019
2019-05-19,20.6,19,5,2019
2019-05-20,18.25,20,5,2019
2019-05-21,19.3,21,5,2019
2019-05-22,19.7,22,5,2019
2019-05-23,21.25,23,5,2019
2019-05-24,21.9,24,5,2019
2019-05-25,24.85,25,5,2019
2019-05-26,22.8,26,5,2019
2019-05-27,20.7,27,5,2019
2019-05-28,19.4,28,5,2019
2019-05-29,21.35,29,5,2019
2019-05-30,23.25,30,5,2019
2019-05-31,19.9,31,5,2019
2019-06-01,20.1,1,6,2019
2019-06-02,19.75,2,6,2019
2019-06-03,18.2,3,6,2019
2019-06-04,16.950000000000003,4,6,2019
2019-06-05,17.55,5,6,2019
2019-06-06,16.2,6,6,2019
2019-06-07,17.95,7,6,2019
2019-06-08,20.65,8,6,2019
2019-06-09,17.7,9,6,2019
2019-06-10,17.65,10,6,2019
2019-06-11,20.75,11,6,2019
2019-06-12,17.4,12,6,2019
2019-06-13,17.950000000000003,13,6,2019
2019-06-14,17.95,14,6,2019
2019-06-15,17.75,15,6,2019
2019-06-16,20.05,16,6,2019
2019-06-17,21.55,17,6,2019
2019-06-18,19.25,18,6,2019
2019-06-19,20.6,19,6,2019
2019-06-20,22.0,20,6,2019
2019-06-21,18.9,21,6,2019
2019-06-22,22.0,22,6,2019
2019-06-23,21.5,23,6,2019
2019-06-24,24.3,24,6,2019
2019-06-25,25.1,25,6,2019
2019-06-26,27.9,26,6,2019
2019-06-27,29.0,27,6,2019
2019-06-28,25.2,28,6,2019
2019-06-29,24.8,29,6,2019
2019-06-30,24.75,30,6,2019
2019-07-01,25.2,1,7,2019
2019-07-02,22.35,2,7,2019
2019-07-03,22.950000000000003,3,7,2019
2019-07-04,23.6,4,7,2019
2019-07-05,25.35,5,7,2019
2019-07-06,25.0,6,7,2019
2019-07-07,23.45,7,7,2019
2019-07-08,26.35,8,7,2019
2019-07-09,27.4,9,7,2019
2019-07-10,24.8,10,7,2019
2019-07-11,28.05,11,7,2019
2019-07-12,27.1,12,7,2019
2019-07-13,25.05,13,7,2019
2019-07-14,24.4,14,7,2019
2019-07-15,25.55,15,7,2019
2019-07-16,26.700000000000003,16,7,2019
2019-07-17,26.35,17,7,2019
2019-07-18,26.4,18,7,2019
2019-07-19,25.9,19,7,2019
2019-07-20,25.55,20,7,2019
2019-07-21,24.65,21,7,2019
2019-07-22,25.8,22,7,2019
2019-07-23,26.65,23,7,2019
2019-07-24,26.1,24,7,2019
2019-07-25,26.8,25,7,2019
2019-07-26,24.950000000000003,26,7,2019
2019-07-27,24.75,27,7,2019
2019-07-28,23.9,28,7,2019
2019-07-29,26.15,29,7,2019
2019-07-30,24.75,30,7,2019
2019-07-31,25.1,31,7,2019
2019-08-01,24.55,1,8,2019
2019-08-02,24.9,2,8,2019
2019-08-03,24.950000000000003,3,8,2019
2019-08-04,24.95,4,8,2019
2019-08-05,24.7,5,8,2019
2019-08-06,27.3,6,8,2019
2019-08-07,27.2,7,8,2019
2019-08-08,25.450000000000003,8,8,2019
2019-08-09,25.8,9,8,2019
2019-08-10,25.5,10,8,2019
2019-08-11,22.05,11,8,2019
2019-08-12,22.6,12,8,2019
2019-08-13,21.95,13,8,2019
2019-08-14,28.85,14,8,2019
2019-08-15,27.55,15,8,2019
2019-08-16,26.6,16,8,2019
2019-08-17,23.4,17,8,2019
2019-08-18,24.35,18,8,2019
2019-08-19,23.1,19,8,2019
2019-08-20,22.7,20,8,2019
2019-08-21,22.5,21,8,2019
2019-08-22,24.5,22,8,2019
2019-08-23,24.700000000000003,23,8,2019
2019-08-24,27.3,24,8,2019
2019-08-25,26.15,25,8,2019
2019-08-26,23.05,26,8,2019
2019-08-27,23.35,27,8,2019
2019-08-28,23.05,28,8,2019
2019-08-29,23.8,29,8,2019
2019-08-30,25.8,30,8,2019
2019-08-31,23.65,31,8,2019
2019-09-01,21.85,1,9,2019
2019-09-02,24.3,2,9,2019
2019-09-03,24.200000000000003,3,9,2019
2019-09-04,21.85,4,9,2019
2019-09-05,21.5,5,9,2019
2019-09-06,23.5,6,9,2019
2019-09-07,21.95,7,9,2019
2019-09-08,19.95,8,9,2019
2019-09-09,21.75,9,9,2019
2019-09-10,20.85,10,9,2019
2019-09-11,27.1,11,9,2019
2019-09-12,25.5,12,9,2019
2019-09-13,21.0,13,9,2019
2019-09-14,21.05,14,9,2019
2019-09-15,24.35,15,9,2019
2019-09-16,25.35,16,9,2019
2019-09-17,20.65,17,9,2019
2019-09-18,21.55,18,9,2019
2019-09-19,22.4,19,9,2019
2019-09-20,24.4,20,9,2019
2019-09-21,24.4,21,9,2019
2019-09-22,23.55,22,9,2019
2019-09-23,23.35,23,9,2019
2019-09-24,24.25,24,9,2019
2019-09-25,23.75,25,9,2019
2019-09-26,22.15,26,9,2019
2019-09-27,22.8,27,9,2019
2019-09-28,22.05,28,9,2019
2019-09-29,22.25,29,9,2019
2019-09-30,22.0,30,9,2019
2019-10-01,19.65,1,10,2019
2019-10-02,16.150000000000002,2,10,2019
2019-10-03,21.8,3,10,2019
2019-10-04,22.8,4,10,2019
2019-10-05,21.55,5,10,2019
2019-10-06,20.0,6,10,2019
2019-10-07,22.3,7,10,2019
2019-10-08,19.8,8,10,2019
2019-10-09,18.65,9,10,2019
2019-10-10,20.15,10,10,2019
2019-10-11,19.6,11,10,2019
2019-10-12,19.2,12,10,2019
2019-10-13,18.7,13,10,2019
2019-10-14,19.75,14,10,2019
2019-10-15,18.5,15,10,2019
2019-10-16,17.95,16,10,2019
2019-10-17,17.15,17,10,2019
2019-10-18,17.2,18,10,2019
2019-10-19,16.5,19,10,2019
2019-10-20,15.8,20,10,2019
2019-10-21,15.45,21,10,2019
2019-10-22,15.15,22,10,2019
2019-10-23,19.0,23,10,2019
2019-10-24,16.7,24,10,2019
2019-10-25,13.05,25,10,2019
2019-10-26,11.75,26,10,2019
2019-10-27,12.45,27,10,2019
2019-10-28,11.95,28,10,2019
2019-10-29,14.7,29,10,2019
2019-10-30,16.8,30,10,2019
2019-10-31,18.8,31,10,2019
2019-11-01,18.05,1,11,2019
2019-11-02,15.7,2,11,2019
2019-11-03,15.8,3,11,2019
2019-11-04,13.2,4,11,2019
2019-11-05,15.15,5,11,2019
2019-11-06,12.3,6,11,2019
2019-11-07,10.5,7,11,2019
2019-11-08,12.65,8,11,2019
2019-11-09,12.65,9,11,2019
2019-11-10,11.8,10,11,2019
2019-11-11,10.15,11,11,2019
2019-11-12,11.05,12,11,2019
2019-11-13,9.55,13,11,2019
2019-11-14,8.65,14,11,2019
2019-11-15,9.4,15,11,2019
2019-11-16,8.55,16,11,2019
2019-11-17,10.2,17,11,2019
2019-11-18,11.35,18,11,2019
2019-11-19,14.25,19,11,2019
2019-11-20,14.5,20,11,2019
2019-11-21,13.55,21,11,2019
2019-11-22,10.9,22,11,2019
2019-11-23,11.5,23,11,2019
2019-11-24,14.25,24,11,2019
2019-11-25,15.5,25,11,2019
2019-11-26,15.9,26,11,2019
2019-11-27,13.65,27,11,2019
2019-11-28,13.95,28,11,2019
2019-11-29,12.9,29,11,2019
2019-11-30,14.55,30,11,2019
2019-12-01,9.3,1,12,2019
2019-12-02,7.85,2,12,2019
2019-12-03,12.2,3,12,2019
2019-12-04,13.65,4,12,2019
2019-12-05,15.2,5,12,2019
2019-12-06,15.35,6,12,2019
2019-12-07,16.3,7,12,2019
2019-12-08,13.9,8,12,2019
2019-12-09,13.85,9,12,2019
2019-12-10,15.1,10,12,2019
2019-12-11,9.2,11,12,2019
2019-12-12,12.95,12,12,2019
2019-12-13,10.3,13,12,2019
2019-12-14,8.35,14,12,2019
2019-12-15,9.7,15,12,2019
2019-12-16,6.65,16,12,2019
2019-12-17,8.05,17,12,2019
2019-12-18,15.8,18,12,2019
2019-12-19,13.5,19,12,2019
2019-12-20,9.9,20,12,2019
2019-12-21,8.85,21,12,2019
2019-12-22,12.15,22,12,2019
2019-12-23,11.6,23,12,2019
2019-12-24,12.5,24,12,2019
2019-12-25,11.1,25,12,2019
2019-12-26,16.7,26,12,2019
2019-12-27,16.65,27,12,2019
2019-12-28,15.6,28,12,2019
2019-12-29,14.95,29,12,2019
2019-12-30,14.85,30,12,2019
2019-12-31,13.1,31,12,2019
2020-01-01,13.3,1,1,2020
2020-01-02,15.75,2,1,2020
2020-01-03,11.65,3,1,2020
2020-01-04,12.25,4,1,2020
2020-01-05,13.85,5,1,2020
2020-01-06,14.6,6,1,2020
2020-01-07,17.2,7,1,2020
2020-01-08,13.3,8,1,2020
2020-01-09,11.2,9,1,2020
2020-01-10,12.45,10,1,2020
2020-01-11,15.3,11,1,2020
2020-01-12,11.95,12,1,2020
2020-01-13,12.5,13,1,2020
2020-01-14,9.8,14,1,2020
2020-01-15,12.15,15,1,2020
2020-01-16,13.65,16,1,2020
2020-01-17,8.65,17,1,2020
2020-01-18,9.3,18,1,2020
2020-01-19,9.1,19,1,2020
2020-01-20,10.1,20,1,2020
2020-01-21,10.35,21,1,2020
2020-01-22,14.6,22,1,2020
2020-01-23,11.65,23,1,2020
2020-01-24,10.6,24,1,2020
2020-01-25,12.75,25,1,2020
2020-01-26,12.75,26,1,2020
2020-01-27,7.9,27,1,2020
2020-01-28,7.5,28,1,2020
2020-01-29,11.75,29,1,2020
2020-01-30,16.8,30,1,2020
2020-01-31,15.5,31,1,2020
2020-02-01,13.9,1,2,2020
2020-02-02,14.5,2,2,2020
2020-02-03,10.95,3,2,2020
2020-02-04,11.5,4,2,2020
2020-02-05,11.5,5,2,2020
2020-02-06,13.45,6,2,2020
2020-02-07,12.8,7,2,2020
2020-02-08,13.15,8,2,2020
2020-02-09,14.7,9,2,2020
2020-02-10,8.8,10,2,2020
2020-02-11,7.5,11,2,2020
2020-02-12,9.0,12,2,2020
2020-02-13,13.05,13,2,2020
2020-02-14,15.15,14,2,2020
2020-02-15,15.25,15,2,2020
2020-02-16,11.3,16,2,2020
2020-02-17,9.75,17,2,2020
2020-02-18,10.7,18,2,2020
2020-02-19,12.55,19,2,2020
2020-02-20,12.25,20,2,2020
2020-02-21,13.35,21,2,2020
2020-02-22,14.9,22,2,2020
2020-02-23,15.8,23,2,2020
2020-02-24,14.1,24,2,2020
2020-02-25,6.65,25,2,2020
2020-02-26,8.4,26,2,2020
2020-02-27,10.05,27,2,2020
2020-02-28,14.6,28,2,2020
2020-02-29,8.2,29,2,2020
2020-03-01,9.5,1,3,2020
2020-03-02,8.25,2,3,2020
2020-03-03,9.75,3,3,2020
2020-03-04,10.25,4,3,2020
2020-03-05,9.7,5,3,2020
2020-03-06,10.6,6,3,2020
2020-03-07,14.8,7,3,2020
2020-03-08,12.75,8,3,2020
2020-03-09,14.65,9,3,2020
2020-03-10,15.95,10,3,2020
2020-03-11,12.4,11,3,2020
2020-03-12,10.85,12,3,2020
2020-03-13,11.9,13,3,2020
2020-03-14,13.8,14,3,2020
2020-03-15,11.4,15,3,2020
2020-03-16,10.7,16,3,2020
2020-03-17,14.5,17,3,2020
2020-03-18,10.05,18,3,2020
2020-03-19,10.5,19,3,2020
2020-03-20,9.95,20,3,2020
2020-03-21,11.1,21,3,2020
2020-03-22,12.15,22,3,2020
2020-03-23,11.55,23,3,2020
2020-03-24,14.6,24,3,2020
2020-03-25,13.4,25,3,2020
2020-03-26,14.7,26,3,2020
2020-03-27,13.95,27,3,2020
2020-03-28,13.7,28,3,2020
2020-03-29,9.35,29,3,2020
2020-03-30,10.0,30,3,2020
2020-03-31,13.15,31,3,2020
2020-04-01,12.75,1,4,2020
2020-04-02,17.2,2,4,2020
2020-04-03,14.65,3,4,2020
2020-04-04,14.15,4,4,2020
2020-04-05,15.75,5,4,2020
2020-04-06,15.15,6,4,2020
2020-04-07,14.7,7,4,2020
2020-04-08,15.2,8,4,2020
2020-04-09,17.5,9,4,2020
2020-04-10,19.4,10,4,2020
2020-04-11,23.85,11,4,2020
2020-04-12,13.05,12,4,2020
2020-04-13,13.85,13,4,2020
2020-04-14,11.75,14,4,2020
2020-04-15,14.25,15,4,2020
2020-04-16,17.95,16,4,2020
2020-04-17,18.45,17,4,2020
2020-04-18,14.35,18,4,2020
2020-04-19,15.1,19,4,2020
2020-04-20,17.75,20,4,2020
2020-04-21,16.1,21,4,2020
2020-04-22,18.7,22,4,2020
2020-04-23,19.1,23,4,2020
2020-04-24,18.8,24,4,2020
2020-04-25,17.65,25,4,2020
2020-04-26,17.0,26,4,2020
2020-04-27,14.95,27,4,2020
2020-04-28,15.65,28,4,2020
2020-04-29,13.55,29,4,2020
2020-04-30,14.7,30,4,2020
2020-05-01,16.1,1,5,2020
2020-05-02,14.75,2,5,2020
2020-05-03,16.85,3,5,2020
2020-05-04,18.0,4,5,2020
2020-05-05,15.75,5,5,2020
2020-05-06,15.5,6,5,2020
2020-05-07,18.35,7,5,2020
2020-05-08,19.8,8,5,2020
2020-05-09,22.4,9,5,2020
2020-05-10,19.55,10,5,2020
2020-05-11,12.95,11,5,2020
2020-05-12,12.25,12,5,2020
2020-05-13,14.8,13,5,2020
2020-05-14,13.5,14,5,2020
2020-05-15,17.45,15,5,2020
2020-05-16,17.5,16,5,2020
2020-05-17,19.45,17,5,2020
2020-05-18,19.35,18,5,2020
2020-05-19,19.6,19,5,2020
2020-05-20,20.5,20,5,2020
2020-05-21,18.3,21,5,2020
2020-05-22,19.2,22,5,2020
2020-05-23,19.7,23,5,2020
2020-05-24,18.9,24,5,2020
2020-05-25,19.15,25,5,2020
2020-05-26,20.35,26,5,2020
2020-05-27,23.6,27,5,2020
2020-05-28,23.25,28,5,2020
2020-05-29,23.0,29,5,2020
2020-05-30,23.3,30,5,2020
2020-05-31,24.4,31,5,2020
2020-06-01,25.15,1,6,2020
2020-06-02,29.4,2,6,2020
2020-06-03,23.55,3,6,2020
2020-06-04,19.1,4,6,2020
2020-06-05,19.4,5,6,2020
2020-06-06,17.15,6,6,2020
2020-06-07,20.6,7,6,2020
2020-06-08,20.3,8,6,2020
2020-06-09,18.55,9,6,2020
2020-06-10,19.35,10,6,2020
2020-06-11,22.3,11,6,2020
2020-06-12,22.75,12,6,2020
2020-06-13,23.5,13,6,2020
2020-06-14,22.95,14,6,2020
2020-06-15,22.6,15,6,2020
2020-06-16,25.700000000000003,16,6,2020
2020-06-17,23.3,17,6,2020
2020-06-18,25.15,18,6,2020
2020-06-19,22.3,19,6,2020
2020-06-20,20.75,20,6,2020
2020-06-21,22.8,21,6,2020
2020-06-22,20.8,22,6,2020
2020-06-23,20.950000000000003,23,6,2020
2020-06-24,24.950000000000003,24,6,2020
2020-06-25,27.200000000000003,25,6,2020
2020-06-26,22.7,26,6,2020
2020-06-27,22.65,27,6,2020
2020-06-28,21.1,28,6,2020
2020-06-29,21.6,29,6,2020
2020-06-30,21.15,30,6,2020
2020-07-01,23.1,1,7,2020
2020-07-02,22.85,2,7,2020
2020-07-03,21.4,3,7,2020
2020-07-04,24.75,4,7,2020
2020-07-05,21.6,5,7,2020
2020-07-06,23.15,6,7,2020
2020-07-07,23.15,7,7,2020
2020-07-08,22.0,8,7,2020
2020-07-09,24.3,9,7,2020
2020-07-10,21.1,10,7,2020
2020-07-11,20.2,11,7,2020
2020-07-12,21.55,12,7,2020
2020-07-13,25.65,13,7,2020
2020-07-14,23.4,14,7,2020
2020-07-15,25.85,15,7,2020
2020-07-16,28.05,16,7,2020
2020-07-17,24.7,17,7,2020
2020-07-18,23.55,18,7,2020
2020-07-19,21.35,19,7,2020
2020-07-20,22.5,20,7,2020
2020-07-21,23.25,21,7,2020
2020-07-22,24.35,22,7,2020
2020-07-23,26.55,23,7,2020
2020-07-24,23.8,24,7,2020
2020-07-25,25.75,25,7,2020
2020-07-26,23.8,26,7,2020
2020-07-27,24.25,27,7,2020
2020-07-28,23.45,28,7,2020
2020-07-29,20.75,29,7,2020
2020-07-30,24.45,30,7,2020
2020-07-31,26.05,31,7,2020
2020-08-01,24.15,1,8,2020
2020-08-02,22.55,2,8,2020
2020-08-03,22.0,3,8,2020
2020-08-04,24.15,4,8,2020
2020-08-05,27.65,5,8,2020
2020-08-06,23.75,6,8,2020
2020-08-07,26.05,7,8,2020
2020-08-08,24.700000000000003,8,8,2020
2020-08-09,26.1,9,8,2020
2020-08-10,26.3,10,8,2020
2020-08-11,24.8,11,8,2020
2020-08-12,27.85,12,8,2020
2020-08-13,29.3,13,8,2020
2020-08-14,26.8,14,8,2020
2020-08-15,26.75,15,8,2020
2020-08-16,26.5,16,8,2020
2020-08-17,25.5,17,8,2020
2020-08-18,26.6,18,8,2020
2020-08-19,25.95,19,8,2020
2020-08-20,25.55,20,8,2020
2020-08-21,24.75,21,8,2020
2020-08-22,24.85,22,8,2020
2020-08-23,25.05,23,8,2020
2020-08-24,23.200000000000003,24,8,2020
2020-08-25,25.3,25,8,2020
2020-08-26,24.85,26,8,2020
2020-08-27,22.5,27,8,2020
2020-08-28,22.45,28,8,2020
2020-08-29,20.1,29,8,2020
2020-08-30,18.85,30,8,2020
2020-08-31,21.9,31,8,2020
2020-09-01,23.1,1,9,2020
2020-09-02,24.1,2,9,2020
2020-09-03,24.65,3,9,2020
2020-09-04,22.8,4,9,2020
2020-09-05,22.450000000000003,5,9,2020
2020-09-06,23.0,6,9,2020
2020-09-07,27.2,7,9,2020
2020-09-08,26.7,8,9,2020
2020-09-09,23.55,9,9,2020
2020-09-10,20.95,10,9,2020
2020-09-11,22.85,11,9,2020
2020-09-12,21.7,12,9,2020
2020-09-13,24.200000000000003,13,9,2020
2020-09-14,24.85,14,9,2020
2020-09-15,24.55,15,9,2020
2020-09-16,27.0,16,9,2020
2020-09-17,24.75,17,9,2020
2020-09-18,23.75,18,9,2020
2020-09-19,23.7,19,9,2020
2020-09-20,23.55,20,9,2020
2020-09-21,22.3,21,9,2020
2020-09-22,21.85,22,9,2020
2020-09-23,18.4,23,9,2020
2020-09-24,16.2,24,9,2020
2020-09-25,18.0,25,9,2020
2020-09-26,16.2,26,9,2020
2020-09-27,17.95,27,9,2020
2020-09-28,21.7,28,9,2020
2020-09-29,18.8,29,9,2020
2020-09-30,18.65,30,9,2020
2020-10-01,14.55,1,10,2020
2020-10-02,17.2,2,10,2020
2020-10-03,17.6,3,10,2020
2020-10-04,17.049999999999997,4,10,2020
2020-10-05,20.3,5,10,2020
2020-10-06,20.35,6,10,2020
2020-10-07,19.15,7,10,2020
2020-10-08,19.25,8,10,2020
2020-10-09,16.650000000000002,9,10,2020
2020-10-10,16.75,10,10,2020
2020-10-11,18.05,11,10,2020
2020-10-12,18.3,12,10,2020
2020-10-13,17.15,13,10,2020
2020-10-14,18.3,14,10,2020
2020-10-15,17.35,15,10,2020
2020-10-16,16.5,16,10,2020
2020-10-17,17.1,17,10,2020
2020-10-18,19.3,18,10,2020
2020-10-19,20.1,19,10,2020
2020-10-20,19.450000000000003,20,10,2020
2020-10-21,16.65,21,10,2020
2020-10-22,14.35,22,10,2020
2020-10-23,16.45,23,10,2020
2020-10-24,17.6,24,10,2020
2020-10-25,15.85,25,10,2020
2020-10-26,15.95,26,10,2020
2020-10-27,16.9,27,10,2020
2020-10-28,13.8,28,10,2020
2020-10-29,18.75,29,10,2020
2020-10-30,18.2,30,10,2020
2020-10-31,18.45,31,10,2020
2020-11-01,19.35,1,11,2020
2020-11-02,13.85,2,11,2020
2020-11-03,12.95,3,11,2020
2020-11-04,12.65,4,11,2020
2020-11-05,11.95,5,11,2020
2020-11-06,15.4,6,11,2020
2020-11-07,17.8,7,11,2020
2020-11-08,18.55,8,11,2020
2020-11-09,18.15,9,11,2020
2020-11-10,16.549999999999997,10,11,2020
2020-11-11,16.95,11,11,2020
2020-11-12,15.8,12,11,2020
2020-11-13,14.75,13,11,2020
2020-11-14,17.6,14,11,2020
2020-11-15,15.0,15,11,2020
2020-11-16,16.6,16,11,2020
2020-11-17,18.5,17,11,2020
2020-11-18,16.65,18,11,2020
2020-11-19,13.25,19,11,2020
2020-11-20,17.15,20,11,2020
2020-11-21,16.65,21,11,2020
2020-11-22,11.9,22,11,2020
2020-11-23,14.45,23,11,2020
2020-11-24,14.35,24,11,2020
2020-11-25,10.85,25,11,2020
2020-11-26,10.25,26,11,2020
2020-11-27,9.75,27,11,2020
2020-11-28,14.55,28,11,2020
2020-11-29,16.049999999999997,29,11,2020
2020-11-30,15.1,30,11,2020
2020-12-01,15.75,1,12,2020
2020-12-02,12.9,2,12,2020
2020-12-03,7.85,3,12,2020
2020-12-04,9.05,4,12,2020
2020-12-05,11.0,5,12,2020
2020-12-06,9.0,6,12,2020
2020-12-07,6.5,7,12,2020
2020-12-08,9.45,8,12,2020
2020-12-09,12.9,9,12,2020
2020-12-10,14.15,10,12,2020
2020-12-11,13.2,11,12,2020
2020-12-12,11.0,12,12,2020
2020-12-13,15.55,13,12,2020
2020-12-14,14.2,14,12,2020
2020-12-15,13.65,15,12,2020
2020-12-16,13.95,16,12,2020
2020-12-17,14.7,17,12,2020
2020-12-18,15.9,18,12,2020
2020-12-19,13.25,19,12,2020
2020-12-20,12.5,20,12,2020
2020-12-21,15.15,21,12,2020
2020-12-22,8.8,22,12,2020
2020-12-23,8.75,23,12,2020
2020-12-24,8.1,24,12,2020
2020-12-25,8.25,25,12,2020
2020-12-26,14.35,26,12,2020
2020-12-27,9.65,27,12,2020
2020-12-28,9.7,28,12,2020
2020-12-29,8.1,29,12,2020
2020-12-30,5.6,30,12,2020
2020-12-31,6.65,31,12,2020
2021-01-01,7.7,1,1,2021
2021-01-02,6.95,2,1,2021
2021-01-03,5.0,3,1,2021
2021-01-04,5.4,4,1,2021
2021-01-05,6.0,5,1,2021
2021-01-06,4.05,6,1,2021
2021-01-07,4.75,7,1,2021
2021-01-08,3.6,8,1,2021
2021-01-09,3.5,9,1,2021
2021-01-10,6.45,10,1,2021
2021-01-11,11.95,11,1,2021
2021-01-12,16.05,12,1,2021
2021-01-13,15.0,13,1,2021
2021-01-14,12.85,14,1,2021
2021-01-15,12.1,15,1,2021
2021-01-16,13.55,16,1,2021
2021-01-17,9.95,17,1,2021
2021-01-18,13.3,18,1,2021
2021-01-19,15.7,19,1,2021
2021-01-20,11.75,20,1,2021
2021-01-21,8.6,21,1,2021
2021-01-22,6.6,22,1,2021
2021-01-23,5.45,23,1,2021
2021-01-24,5.3,24,1,2021
2021-01-25,6.8500000000000005,25,1,2021
2021-01-26,13.5,26,1,2021
2021-01-27,15.1,27,1,2021
2021-01-28,15.75,28,1,2021
2021-01-29,14.9,29,1,2021
2021-01-30,11.2,30,1,2021
2021-01-31,12.15,31,1,2021
2021-02-01,13.65,1,2,2021
2021-02-02,14.05,2,2,2021
2021-02-03,12.5,3,2,2021
2021-02-04,13.15,4,2,2021
2021-02-05,9.95,5,2,2021
2021-02-06,9.35,6,2,2021
2021-02-07,6.800000000000001,7,2,2021
2021-02-08,4.75,8,2,2021
2021-02-09,3.85,9,2,2021
2021-02-10,4.0,10,2,2021
2021-02-11,5.35,11,2,2021
2021-02-12,7.85,12,2,2021
2021-02-13,12.25,13,2,2021
2021-02-14,15.35,14,2,2021
2021-02-15,14.5,15,2,2021
2021-02-16,14.15,16,2,2021
2021-02-17,12.6,17,2,2021
2021-02-18,10.45,18,2,2021
2021-02-19,14.05,19,2,2021
2021-02-20,14.6,20,2,2021
2021-02-21,13.2,21,2,2021
2021-02-22,12.75,22,2,2021
2021-02-23,15.6,23,2,2021
2021-02-24,12.85,24,2,2021
2021-02-25,11.3,25,2,2021
2021-02-26,12.7,26,2,2021
2021-02-27,12.65,27,2,2021
2021-02-28,10.45,28,2,2021
2021-03-01,10.8,1,3,2021
2021-03-02,10.0,2,3,2021
2021-03-03,10.55,3,3,2021
2021-03-04,6.75,4,3,2021
2021-03-05,9.05,5,3,2021
2021-03-06,9.35,6,3,2021
2021-03-07,7.8,7,3,2021
2021-03-08,10.85,8,3,2021
2021-03-09,13.3,9,3,2021
2021-03-10,15.7,10,3,2021
2021-03-11,11.9,11,3,2021
2021-03-12,11.6,12,3,2021
2021-03-13,8.25,13,3,2021
2021-03-14,14.0,14,3,2021
2021-03-15,18.8,15,3,2021
2021-03-16,19.0,16,3,2021
2021-03-17,15.6,17,3,2021
2021-03-18,16.9,18,3,2021
2021-03-19,17.0,19,3,2021
2021-03-20,17.4,20,3,2021
2021-03-21,15.85,21,3,2021
2021-03-22,13.4,22,3,2021
2021-03-23,14.3,23,3,2021
2021-03-24,14.2,24,3,2021
2021-03-25,14.7,25,3,2021
2021-03-26,10.75,26,3,2021
2021-03-27,11.85,27,3,2021
2021-03-28,16.05,28,3,2021
2021-03-29,15.7,29,3,2021
2021-03-30,12.45,30,3,2021
2021-03-31,12.4,31,3,2021
2021-04-01,17.0,1,4,2021
2021-04-02,14.15,2,4,2021
2021-04-03,12.3,3,4,2021
2021-04-04,15.65,4,4,2021
2021-04-05,10.2,5,4,2021
2021-04-06,9.05,6,4,2021
2021-04-07,12.3,7,4,2021
2021-04-08,11.65,8,4,2021
2021-04-09,12.25,9,4,2021
2021-04-10,9.05,10,4,2021
2021-04-11,11.0,11,4,2021
2021-04-12,13.2,12,4,2021
2021-04-13,13.35,13,4,2021
2021-04-14,12.6,14,4,2021
2021-04-15,14.65,15,4,2021
2021-04-16,13.8,16,4,2021
2021-04-17,15.0,17,4,2021
2021-04-18,13.3,18,4,2021
2021-04-19,14.45,19,4,2021
2021-04-20,15.15,20,4,2021
2021-04-21,15.95,21,4,2021
2021-04-22,15.75,22,4,2021
2021-04-23,17.200000000000003,23,4,2021
2021-04-24,18.55,24,4,2021
2021-04-25,16.9,25,4,2021
2021-04-26,15.1,26,4,2021
2021-04-27,15.95,27,4,2021
2021-04-28,14.45,28,4,2021
2021-04-29,12.8,29,4,2021
2021-04-30,12.25,30,4,2021
2021-05-01,12.75,1,5,2021
2021-05-02,13.7,2,5,2021
2021-05-03,17.0,3,5,2021
2021-05-04,13.25,4,5,2021
2021-05-05,12.85,5,5,2021
2021-05-06,11.95,6,5,2021
2021-05-07,12.15,7,5,2021
2021-05-08,17.05,8,5,2021
2021-05-09,17.65,9,5,2021
2021-05-10,16.55,10,5,2021
2021-05-11,15.9,11,5,2021
2021-05-12,16.4,12,5,2021
2021-05-13,18.65,13,5,2021
2021-05-14,15.3,14,5,2021
2021-05-15,17.25,15,5,2021
2021-05-16,18.8,16,5,2021
2021-05-17,17.35,17,5,2021
2021-05-18,16.75,18,5,2021
2021-05-19,15.95,19,5,2021
2021-05-20,16.6,20,5,2021
2021-05-21,16.05,21,5,2021
2021-05-22,15.35,22,5,2021
2021-05-23,14.5,23,5,2021
2021-05-24,15.8,24,5,2021
2021-05-25,16.4,25,5,2021
2021-05-26,17.8,26,5,2021
2021-05-27,15.9,27,5,2021
2021-05-28,18.55,28,5,2021
2021-05-29,18.75,29,5,2021
2021-05-30,20.25,30,5,2021
2021-05-31,20.1,31,5,2021
2021-06-01,24.35,1,6,2021
2021-06-02,22.75,2,6,2021
2021-06-03,18.950000000000003,3,6,2021
2021-06-04,20.1,4,6,2021
2021-06-05,21.05,5,6,2021
2021-06-06,20.65,6,6,2021
2021-06-07,19.95,7,6,2021
2021-06-08,21.05,8,6,2021
2021-06-09,21.05,9,6,2021
2021-06-10,21.05,10,6,2021
2021-06-11,23.950000000000003,11,6,2021
2021-06-12,20.05,12,6,2021
2021-06-13,22.05,13,6,2021
2021-06-14,23.200000000000003,14,6,2021
2021-06-15,19.4,15,6,2021
2021-06-16,21.15,16,6,2021
2021-06-17,21.7,17,6,2021
2021-06-18,20.0,18,6,2021
2021-06-19,19.85,19,6,2021
2021-06-20,22.9,20,6,2021
2021-06-21,23.9,21,6,2021
2021-06-22,22.0,22,6,2021
2021-06-23,23.15,23,6,2021
2021-06-24,26.1,24,6,2021
2021-06-25,19.95,25,6,2021
2021-06-26,21.1,26,6,2021
2021-06-27,27.3,27,6,2021
2021-06-28,27.0,28,6,2021
2021-06-29,24.6,29,6,2021
2021-06-30,23.7,30,6,2021
2021-07-01,24.95,1,7,2021
2021-07-02,23.15,2,7,2021
2021-07-03,24.85,3,7,2021
2021-07-04,23.05,4,7,2021
2021-07-05,21.2,5,7,2021
2021-07-06,23.45,6,7,2021
2021-07-07,25.25,7,7,2021
2021-07-08,21.85,8,7,2021
2021-07-09,22.45,9,7,2021
2021-07-10,24.8,10,7,2021
2021-07-11,24.3,11,7,2021
2021-07-12,24.75,12,7,2021
2021-07-13,25.95,13,7,2021
2021-07-14,28.15,14,7,2021
2021-07-15,29.8,15,7,2021
2021-07-16,28.55,16,7,2021
2021-07-17,31.4,17,7,2021
2021-07-18,29.8,18,7,2021
2021-07-19,30.35,19,7,2021
2021-07-20,30.4,20,7,2021
2021-07-21,32.7,21,7,2021
2021-07-22,34.650000000000006,22,7,2021
2021-07-23,33.150000000000006,23,7,2021
2021-07-24,30.0,24,7,2021
2021-07-25,29.2,25,7,2021
2021-07-26,28.05,26,7,2021
2021-07-27,27.2,27,7,2021
2021-07-28,25.700000000000003,28,7,2021
2021-07-29,22.25,29,7,2021
2021-07-30,24.450000000000003,30,7,2021
2021-07-31,25.3,31,7,2021
2021-08-01,23.4,1,8,2021
2021-08-02,20.95,2,8,2021
2021-08-03,24.3,3,8,2021
2021-08-04,25.6,4,8,2021
2021-08-05,26.3,5,8,2021
2021-08-06,26.1,6,8,2021
2021-08-07,24.75,7,8,2021
2021-08-08,25.3,8,8,2021
2021-08-09,25.8,9,8,2021
2021-08-10,23.15,10,8,2021
2021-08-11,25.9,11,8,2021
2021-08-12,25.0,12,8,2021
2021-08-13,24.1,13,8,2021
2021-08-14,22.4,14,8,2021
2021-08-15,25.8,15,8,2021
2021-08-16,23.05,16,8,2021
2021-08-17,24.45,17,8,2021
2021-08-18,22.95,18,8,2021
2021-08-19,25.1,19,8,2021
2021-08-20,23.9,20,8,2021
2021-08-21,26.950000000000003,21,8,2021
2021-08-22,23.6,22,8,2021
2021-08-23,25.8,23,8,2021
2021-08-24,25.5,24,8,2021
2021-08-25,26.0,25,8,2021
2021-08-26,24.950000000000003,26,8,2021
2021-08-27,25.6,27,8,2021
2021-08-28,24.25,28,8,2021
2021-08-29,24.65,29,8,2021
2021-08-30,24.8,30,8,2021
2021-08-31,23.8,31,8,2021
2021-09-01,24.6,1,9,2021
2021-09-02,23.6,2,9,2021
2021-09-03,24.15,3,9,2021
2021-09-04,24.4,4,9,2021
2021-09-05,25.35,5,9,2021
2021-09-06,26.6,6,9,2021
2021-09-07,30.65,7,9,2021
2021-09-08,27.55,8,9,2021
2021-09-09,26.15,9,9,2021
2021-09-10,26.05,10,9,2021
2021-09-11,23.95,11,9,2021
2021-09-12,20.55,12,9,2021
2021-09-13,24.1,13,9,2021
2021-09-14,25.55,14,9,2021
2021-09-15,24.200000000000003,15,9,2021
2021-09-16,23.65,16,9,2021
2021-09-17,25.2,17,9,2021
2021-09-18,23.05,18,9,2021
2021-09-19,23.15,19,9,2021
2021-09-20,23.85,20,9,2021
2021-09-21,22.200000000000003,21,9,2021
2021-09-22,24.9,22,9,2021
2021-09-23,26.4,23,9,2021
2021-09-24,27.75,24,9,2021
2021-09-25,24.05,25,9,2021
2021-09-26,23.6,26,9,2021
2021-09-27,19.15,27,9,2021
2021-09-28,18.0,28,9,2021
2021-09-29,18.6,29,9,2021
2021-09-30,22.5,30,9,2021
2021-10-01,18.8,1,10,2021
2021-10-02,17.1,2,10,2021
2021-10-03,19.95,3,10,2021
2021-10-04,18.0,4,10,2021
2021-10-05,18.700000000000003,5,10,2021
2021-10-06,19.7,6,10,2021
2021-10-07,22.65,7,10,2021
2021-10-08,22.85,8,10,2021
2021-10-09,23.450000000000003,9,10,2021
2021-10-10,20.7,10,10,2021
2021-10-11,18.25,11,10,2021
2021-10-12,18.7,12,10,2021
2021-10-13,18.2,13,10,2021
2021-10-14,21.85,14,10,2021
2021-10-15,19.8,15,10,2021
2021-10-16,21.0,16,10,2021
2021-10-17,22.1,17,10,2021
2021-10-18,23.15,18,10,2021
2021-10-19,21.950000000000003,19,10,2021
2021-10-20,16.85,20,10,2021
2021-10-21,15.35,21,10,2021
2021-10-22,16.7,22,10,2021
2021-10-23,19.45,23,10,2021
2021-10-24,20.35,24,10,2021
2021-10-25,18.8,25,10,2021
2021-10-26,21.65,26,10,2021
2021-10-27,21.9,27,10,2021
2021-10-28,20.6,28,10,2021
2021-10-29,17.1,29,10,2021
2021-10-30,15.65,30,10,2021
2021-10-31,16.55,31,10,2021
2021-11-01,14.65,1,11,2021
2021-11-02,14.05,2,11,2021
2021-11-03,14.35,3,11,2021
2021-11-04,13.1,4,11,2021
2021-11-05,15.65,5,11,2021
2021-11-06,18.7,6,11,2021
2021-11-07,16.2,7,11,2021
2021-11-08,20.1,8,11,2021
2021-11-09,20.200000000000003,9,11,2021
2021-11-10,16.9,10,11,2021
2021-11-11,18.7,11,11,2021
2021-11-12,19.05,12,11,2021
2021-11-13,17.05,13,11,2021
2021-11-14,19.35,14,11,2021
2021-11-15,17.7,15,11,2021
2021-11-16,17.1,16,11,2021
2021-11-17,14.85,17,11,2021
2021-11-18,18.9,18,11,2021
2021-11-19,16.549999999999997,19,11,2021
2021-11-20,16.3,20,11,2021
2021-11-21,11.9,21,11,2021
2021-11-22,11.2,22,11,2021
2021-11-23,8.65,23,11,2021
2021-11-24,9.0,24,11,2021
2021-11-25,9.15,25,11,2021
2021-11-26,11.7,26,11,2021
2021-11-27,7.6,27,11,2021
2021-11-28,11.55,28,11,2021
2021-11-29,13.85,29,11,2021
2021-11-30,16.45,30,11,2021
2021-12-01,13.8,1,12,2021
